Round,Accuracy,Loss,Precision,Recall,F1-Score,Communication_Cost,Class_0_Accuracy,Class_1_Accuracy,Class_2_Accuracy,Class_3_Accuracy,Class_4_Accuracy,Class_5_Accuracy,Class_6_Accuracy,Class_7_Accuracy,Class_8_Accuracy,Class_9_Accuracy,Confusion_Matrix
1,14.67,2.2845197059095095,0.12336241344786603,0.14344944432365558,0.06748123074809448,5263947,22.75510204081633,0.0,90.01937984496125,1.881188118811881,0.0,0.0,0.0,28.793774319066145,0.0,0.0,"[[223, 0, 695, 5, 0, 0, 0, 57, 0, 0], [76, 0, 252, 0, 0, 0, 0, 807, 0, 0], [64, 0, 929, 0, 0, 0, 0, 39, 0, 0], [205, 0, 689, 19, 0, 0, 0, 97, 0, 0], [182, 0, 669, 0, 0, 0, 0, 131, 0, 0], [142, 0, 460, 0, 0, 0, 0, 290, 0, 0], [30, 0, 672, 0, 0, 0, 0, 256, 0, 0], [125, 0, 607, 0, 0, 0, 0, 296, 0, 0], [39, 0, 874, 1, 0, 0, 0, 60, 0, 0], [47, 0, 852, 0, 0, 0, 0, 110, 0, 0]]"
2,23.57,2.252508669234693,0.31229453700103255,0.21923029124901036,0.1539540868433467,10932813,4.8979591836734695,95.33039647577093,97.38372093023256,0.49504950495049505,0.0,0.0,0.20876826722338201,20.914396887159533,0.0,0.0,"[[48, 0, 909, 1, 0, 0, 16, 6, 0, 0], [0, 1082, 53, 0, 0, 0, 0, 0, 0, 0], [0, 23, 1005, 0, 0, 0, 2, 2, 0, 0], [0, 17, 979, 5, 0, 0, 4, 5, 0, 0], [19, 7, 907, 0, 0, 0, 34, 15, 0, 0], [7, 79, 782, 0, 0, 0, 7, 17, 0, 0], [2, 24, 928, 0, 0, 0, 2, 2, 0, 0], [18, 27, 765, 0, 0, 0, 3, 215, 0, 0], [0, 32, 929, 0, 0, 0, 13, 0, 0, 0], [1, 12, 989, 0, 0, 0, 3, 4, 0, 0]]"
3,21.54,2.2130294173670273,0.3328330609839639,0.19902053815267387,0.1043895437746317,16601679,1.0204081632653061,99.47136563876651,86.43410852713178,0.09900990099009901,0.0,0.0,1.8789144050104383,10.116731517509727,0.0,0.0,"[[10, 6, 844, 0, 0, 0, 120, 0, 0, 0], [0, 1129, 6, 0, 0, 0, 0, 0, 0, 0], [0, 137, 892, 0, 0, 0, 3, 0, 0, 0], [0, 181, 799, 1, 0, 0, 28, 1, 0, 0], [1, 169, 694, 0, 0, 0, 117, 1, 0, 0], [0, 288, 546, 0, 0, 0, 57, 1, 0, 0], [0, 106, 834, 0, 0, 0, 18, 0, 0, 0], [2, 318, 577, 0, 0, 0, 27, 104, 0, 0], [0, 185, 760, 0, 0, 0, 29, 0, 0, 0], [0, 225, 763, 0, 0, 0, 21, 0, 0, 0]]"
4,21.27,2.1827655665028973,0.34858843856694605,0.19725301610934698,0.09953414848704605,21865626,3.877551020408163,99.64757709251101,76.55038759689923,0.19801980198019803,0.0,0.0,12.21294363256785,4.766536964980545,0.0,0.0,"[[38, 15, 441, 0, 0, 0, 486, 0, 0, 0], [0, 1131, 4, 0, 0, 0, 0, 0, 0, 0], [0, 238, 790, 0, 0, 0, 4, 0, 0, 0], [0, 363, 523, 2, 0, 0, 122, 0, 0, 0], [0, 331, 348, 0, 0, 0, 303, 0, 0, 0], [0, 439, 223, 0, 0, 0, 230, 0, 0, 0], [0, 186, 655, 0, 0, 0, 117, 0, 0, 0], [2, 627, 226, 0, 0, 0, 124, 49, 0, 0], [0, 390, 452, 0, 0, 0, 132, 0, 0, 0], [0, 428, 419, 0, 0, 0, 162, 0, 0, 0]]"
5,22.22,2.1652419445232844,0.3295998928680627,0.20762459602764355,0.11815265981141168,27939411,8.16326530612245,99.82378854625551,67.92635658914729,0.49504950495049505,0.0,0.0,25.5741127348643,5.642023346303502,0.0,0.0,"[[80, 27, 214, 0, 0, 2, 656, 1, 0, 0], [0, 1133, 2, 0, 0, 0, 0, 0, 0, 0], [0, 323, 701, 0, 0, 0, 8, 0, 0, 0], [0, 470, 365, 5, 0, 0, 170, 0, 0, 0], [0, 433, 157, 0, 0, 0, 392, 0, 0, 0], [0, 516, 98, 2, 0, 0, 276, 0, 0, 0], [0, 252, 461, 0, 0, 0, 245, 0, 0, 0], [1, 753, 79, 0, 0, 0, 137, 58, 0, 0], [0, 539, 232, 0, 0, 0, 203, 0, 0, 0], [0, 554, 194, 0, 0, 0, 261, 0, 0, 0]]"
6,27.29,2.1170697509290313,0.46192692364663535,0.26111756556853594,0.18611805430684067,31988601,9.795918367346939,99.82378854625551,59.59302325581395,0.9900990099009901,0.0,7.399103139013453,70.77244258872652,12.743190661478598,0.0,0.0,"[[96, 27, 11, 0, 0, 14, 828, 4, 0, 0], [0, 1133, 2, 0, 0, 0, 0, 0, 0, 0], [0, 355, 615, 0, 0, 0, 61, 1, 0, 0], [0, 488, 135, 10, 0, 4, 372, 1, 0, 0], [0, 409, 14, 0, 0, 0, 559, 0, 0, 0], [0, 484, 11, 3, 0, 66, 328, 0, 0, 0], [0, 258, 21, 0, 0, 1, 678, 0, 0, 0], [0, 721, 28, 0, 0, 0, 148, 131, 0, 0], [0, 531, 15, 0, 0, 0, 428, 0, 0, 0], [0, 529, 11, 0, 0, 0, 469, 0, 0, 0]]"
7,33.24,2.040592737091235,0.4299694965299721,0.324400069132261,0.2604464913747068,36037791,27.755102040816325,99.82378854625551,62.5968992248062,7.425742574257425,0.0,43.609865470852014,65.97077244258872,17.217898832684824,0.0,0.0,"[[272, 19, 10, 0, 0, 177, 499, 3, 0, 0], [0, 1133, 2, 0, 0, 0, 0, 0, 0, 0], [0, 347, 646, 0, 0, 6, 32, 1, 0, 0], [0, 432, 141, 75, 0, 215, 145, 2, 0, 0], [0, 397, 24, 0, 0, 123, 437, 1, 0, 0], [4, 375, 10, 6, 0, 389, 107, 1, 0, 0], [1, 256, 51, 0, 0, 18, 632, 0, 0, 0], [0, 688, 32, 0, 0, 93, 38, 177, 0, 0], [0, 451, 26, 0, 0, 267, 230, 0, 0, 0], [0, 469, 24, 0, 0, 242, 274, 0, 0, 0]]"
8,41.6,1.8829387285458012,0.4576242726169375,0.4102703271617932,0.354708115766596,40896819,70.61224489795919,99.73568281938327,63.856589147286826,24.356435643564357,0.0,57.7354260089686,71.50313152400834,22.47081712062257,0.0,0.0,"[[692, 10, 0, 0, 0, 158, 119, 1, 0, 0], [0, 1132, 2, 0, 0, 0, 1, 0, 0, 0], [7, 284, 659, 0, 0, 31, 50, 1, 0, 0], [10, 307, 54, 246, 0, 294, 96, 3, 0, 0], [0, 266, 11, 0, 0, 301, 403, 1, 0, 0], [32, 286, 4, 8, 0, 515, 47, 0, 0, 0], [5, 188, 6, 0, 0, 74, 685, 0, 0, 0], [8, 565, 25, 1, 0, 170, 28, 231, 0, 0], [20, 263, 4, 0, 0, 559, 128, 0, 0, 0], [8, 305, 6, 1, 0, 478, 211, 0, 0, 0]]"
9,50.14,1.6480132623221546,0.42988758862265347,0.49397698451002847,0.4185390121693107,44946009,93.57142857142857,99.38325991189427,79.74806201550388,43.86138613861386,0.0,46.97309417040359,81.3152400835073,49.12451361867704,0.0,0.0,"[[917, 3, 0, 0, 0, 17, 42, 1, 0, 0], [0, 1128, 2, 1, 0, 1, 3, 0, 0, 0], [48, 109, 823, 0, 0, 7, 39, 6, 0, 0], [139, 164, 96, 443, 0, 87, 77, 4, 0, 0], [34, 125, 16, 0, 0, 176, 624, 7, 0, 0], [192, 169, 9, 28, 0, 419, 73, 2, 0, 0], [54, 93, 10, 0, 0, 22, 779, 0, 0, 0], [43, 335, 43, 0, 0, 64, 38, 505, 0, 0], [171, 108, 36, 0, 0, 411, 246, 2, 0, 0], [82, 146, 7, 2, 0, 376, 393, 3, 0, 0]]"
10,58.86,1.4887978817327334,0.5115482241850315,0.5797310764483788,0.5228138227791849,49400118,97.55102040816327,98.41409691629957,80.32945736434108,67.12871287128714,0.0,42.600896860986545,78.39248434237996,60.40856031128404,0.0,54.905847373637265,"[[956, 2, 0, 0, 0, 8, 13, 1, 0, 0], [0, 1117, 7, 4, 0, 2, 2, 0, 0, 3], [85, 62, 829, 4, 0, 6, 36, 6, 0, 4], [154, 66, 46, 678, 0, 25, 19, 4, 0, 18], [139, 54, 17, 0, 0, 81, 352, 3, 0, 336], [275, 96, 6, 84, 0, 380, 43, 0, 0, 8], [121, 50, 16, 0, 0, 19, 751, 0, 0, 1], [73, 178, 54, 4, 0, 31, 7, 621, 0, 60], [367, 48, 33, 23, 0, 280, 99, 0, 0, 124], [155, 59, 6, 6, 0, 153, 73, 3, 0, 554]]"
11,63.59,1.3759077271333517,0.5430383617139849,0.6267527248473661,0.5637594736746404,55473903,97.85714285714285,96.2114537444934,81.3953488372093,82.17821782178217,0.0,40.134529147982065,84.55114822546973,67.12062256809338,0.0,77.30426164519326,"[[959, 0, 2, 0, 0, 1, 10, 1, 0, 7], [0, 1092, 13, 10, 0, 0, 4, 0, 0, 16], [73, 25, 840, 29, 0, 4, 44, 5, 0, 12], [81, 32, 27, 830, 0, 5, 11, 4, 0, 20], [87, 12, 13, 0, 0, 24, 308, 5, 0, 533], [221, 51, 6, 176, 0, 358, 47, 2, 0, 31], [91, 27, 8, 1, 0, 15, 810, 0, 0, 6], [53, 97, 55, 10, 0, 9, 5, 690, 0, 109], [327, 14, 26, 83, 0, 161, 57, 0, 0, 306], [106, 23, 5, 10, 0, 28, 50, 7, 0, 780]]"
12,66.14,1.2792789922735561,0.5677126811873949,0.6522132271658247,0.5862030774936606,59928012,96.3265306122449,94.27312775330397,87.1124031007752,85.84158415841584,0.0,39.23766816143498,92.06680584551148,75.19455252918289,0.0,82.1605550049554,"[[944, 0, 2, 0, 0, 1, 24, 1, 0, 8], [0, 1070, 19, 12, 0, 0, 6, 0, 0, 28], [37, 12, 899, 22, 0, 2, 40, 10, 0, 10], [34, 16, 47, 867, 0, 0, 12, 6, 0, 28], [15, 5, 17, 0, 0, 3, 394, 7, 0, 541], [151, 39, 9, 216, 0, 350, 75, 6, 0, 46], [37, 10, 18, 0, 0, 7, 882, 0, 0, 4], [22, 51, 62, 7, 0, 0, 3, 773, 0, 110], [217, 3, 54, 89, 0, 83, 120, 0, 0, 408], [57, 12, 9, 10, 0, 5, 72, 15, 0, 829]]"
13,66.07,1.2033781993884247,0.5765230228000917,0.6512851421357752,0.5855994138279784,66001797,95.0,92.68722466960352,88.17829457364341,86.33663366336634,0.0,35.313901345291484,95.82463465553236,80.73929961089495,0.0,77.20515361744302,"[[931, 0, 2, 0, 0, 1, 42, 1, 0, 3], [0, 1052, 34, 11, 0, 0, 13, 0, 0, 25], [20, 8, 910, 18, 0, 0, 54, 15, 0, 7], [20, 11, 56, 872, 0, 0, 17, 10, 0, 24], [0, 1, 17, 0, 0, 0, 534, 8, 0, 422], [130, 32, 8, 231, 0, 315, 125, 14, 0, 37], [18, 5, 14, 0, 0, 3, 918, 0, 0, 0], [8, 31, 68, 2, 0, 0, 6, 830, 0, 83], [160, 0, 72, 74, 0, 40, 283, 1, 0, 344], [36, 8, 9, 10, 0, 3, 131, 33, 0, 779]]"
14,66.6,1.1289355537761896,0.5799572382330764,0.6570181147268525,0.591684241265481,72075582,95.3061224489796,91.36563876651982,88.17829457364341,86.63366336633663,0.0,38.228699551569505,96.76409185803759,84.92217898832685,0.0,75.61942517343905,"[[934, 0, 2, 0, 0, 1, 39, 1, 0, 3], [0, 1037, 39, 10, 0, 0, 22, 1, 0, 26], [22, 6, 910, 16, 0, 0, 55, 16, 0, 7], [17, 9, 56, 875, 0, 0, 15, 13, 0, 25], [0, 0, 12, 0, 0, 0, 546, 11, 0, 413], [121, 28, 5, 209, 0, 341, 129, 27, 0, 32], [18, 5, 5, 0, 0, 3, 927, 0, 0, 0], [4, 20, 69, 1, 0, 0, 7, 873, 0, 54], [165, 0, 72, 68, 0, 36, 314, 9, 0, 310], [33, 6, 8, 8, 0, 2, 129, 60, 0, 763]]"
15,67.39,1.0498088782968613,0.6795402585383429,0.6653969331376108,0.600069330875386,78149367,95.91836734693877,91.10132158590308,88.66279069767442,86.53465346534654,0.0,42.937219730941706,96.24217118997912,86.96498054474708,0.8213552361396305,76.21407333994054,"[[940, 0, 2, 0, 0, 1, 33, 1, 0, 3], [0, 1034, 45, 8, 0, 0, 26, 1, 0, 21], [24, 5, 915, 14, 0, 0, 52, 17, 0, 5], [14, 5, 59, 874, 0, 1, 11, 20, 0, 26], [0, 0, 18, 0, 0, 0, 507, 15, 0, 442], [107, 22, 5, 191, 0, 383, 126, 36, 0, 22], [20, 4, 9, 0, 0, 3, 922, 0, 0, 0], [5, 17, 69, 1, 0, 0, 5, 894, 0, 37], [181, 0, 92, 66, 0, 41, 279, 20, 8, 287], [29, 5, 12, 9, 0, 3, 108, 74, 0, 769]]"
16,69.43,0.9432465531193791,0.6764638643509269,0.6865555271039181,0.6258783739368312,84223152,97.55102040816327,93.92070484581497,87.98449612403101,88.41584158415841,0.0,52.91479820627802,94.46764091858037,88.42412451361868,6.365503080082135,76.51139742319127,"[[956, 0, 2, 0, 0, 1, 16, 2, 0, 3], [0, 1066, 28, 11, 0, 1, 19, 1, 0, 9], [22, 8, 908, 20, 0, 0, 45, 22, 3, 4], [9, 8, 42, 893, 0, 2, 7, 25, 0, 24], [3, 0, 22, 0, 0, 0, 405, 18, 0, 534], [70, 22, 5, 167, 0, 472, 100, 39, 0, 17], [28, 5, 16, 0, 0, 4, 905, 0, 0, 0], [4, 21, 62, 1, 0, 0, 3, 909, 0, 28], [162, 1, 84, 116, 0, 67, 184, 26, 62, 272], [32, 5, 16, 10, 0, 4, 62, 108, 0, 772]]"
17,71.96,0.8404364183116645,0.6824964142314714,0.7129731874019145,0.6602772720988388,89487099,98.46938775510205,96.65198237885463,87.59689922480621,88.81188118811882,0.0,64.91031390134529,92.69311064718163,89.78599221789884,17.145790554414784,76.90782953419227,"[[965, 0, 2, 0, 0, 3, 6, 2, 1, 1], [0, 1097, 15, 7, 0, 1, 11, 0, 0, 4], [22, 10, 904, 21, 0, 0, 40, 26, 6, 3], [3, 13, 38, 897, 0, 9, 5, 27, 0, 18], [4, 3, 26, 0, 0, 4, 291, 22, 0, 632], [42, 26, 6, 130, 0, 579, 64, 35, 0, 10], [29, 6, 22, 0, 0, 12, 888, 0, 0, 1], [3, 25, 55, 0, 0, 0, 3, 923, 0, 19], [127, 12, 69, 150, 0, 121, 96, 30, 167, 202], [30, 10, 22, 11, 0, 8, 25, 127, 0, 776]]"
18,73.73,0.7812825879349876,0.694355766249773,0.7310819201156106,0.6863598454395825,93941208,98.26530612244898,97.26872246696036,85.85271317829456,90.0,0.0,67.37668161434978,91.12734864300627,90.07782101167315,28.952772073921974,82.1605550049554,"[[963, 0, 2, 0, 0, 4, 5, 2, 3, 1], [0, 1104, 13, 7, 0, 2, 6, 0, 0, 3], [22, 14, 886, 27, 0, 0, 37, 28, 14, 4], [2, 14, 26, 909, 0, 10, 5, 27, 0, 17], [6, 6, 28, 0, 0, 3, 221, 14, 0, 704], [35, 26, 6, 124, 0, 601, 57, 32, 0, 11], [31, 9, 28, 2, 0, 13, 873, 0, 0, 2], [3, 26, 53, 0, 0, 0, 2, 926, 0, 18], [91, 18, 54, 155, 0, 113, 63, 31, 282, 167], [25, 11, 20, 11, 0, 8, 13, 92, 0, 829]]"
19,75.07,0.7230676810581463,0.7715927504355965,0.7449272799032357,0.7043338902167946,100014993,98.26530612244898,97.97356828193833,84.59302325581395,90.99009900990099,0.20366598778004072,69.73094170403587,92.17118997912317,89.78599221789884,37.26899383983573,83.94449950445986,"[[963, 0, 2, 0, 0, 4, 4, 2, 4, 1], [0, 1112, 7, 5, 0, 2, 8, 0, 0, 1], [21, 17, 873, 32, 0, 0, 39, 29, 16, 5], [2, 13, 18, 919, 0, 11, 5, 27, 1, 14], [5, 7, 21, 0, 2, 4, 203, 11, 1, 728], [29, 26, 3, 122, 1, 622, 54, 25, 0, 10], [29, 8, 21, 2, 0, 13, 883, 0, 0, 2], [3, 28, 53, 0, 0, 0, 1, 923, 0, 20], [69, 18, 40, 159, 0, 107, 55, 24, 363, 139], [19, 10, 16, 11, 0, 12, 12, 81, 1, 847]]"
20,76.79,0.6682175977732807,0.8032692556158519,0.7627674830270597,0.7314449488859347,105278940,98.36734693877551,98.06167400881057,83.81782945736434,91.88118811881189,6.109979633401222,72.30941704035875,92.06680584551148,89.49416342412452,46.71457905544148,83.94449950445986,"[[964, 0, 2, 0, 0, 4, 3, 2, 4, 1], [0, 1113, 6, 7, 0, 2, 7, 0, 0, 0], [22, 19, 865, 34, 1, 0, 40, 29, 19, 3], [2, 13, 14, 928, 1, 13, 4, 25, 2, 8], [6, 14, 19, 0, 60, 6, 193, 8, 2, 674], [25, 25, 3, 117, 2, 645, 49, 16, 2, 8], [31, 8, 21, 2, 0, 13, 882, 0, 0, 1], [3, 32, 51, 1, 1, 0, 1, 920, 0, 19], [49, 21, 28, 162, 0, 94, 53, 22, 455, 90], [20, 11, 14, 12, 2, 17, 12, 72, 2, 847]]"
21,79.95,0.621235647711891,0.8198959750298002,0.795387617835081,0.7827000129561511,110137968,98.16326530612245,98.59030837004406,82.17054263565892,92.17821782178218,29.429735234215887,75.0,93.42379958246346,87.93774319066148,55.441478439425055,83.05252725470763,"[[962, 1, 0, 0, 0, 4, 4, 2, 6, 1], [0, 1119, 3, 4, 0, 2, 7, 0, 0, 0], [22, 25, 848, 32, 3, 0, 54, 23, 21, 4], [2, 15, 12, 931, 1, 16, 4, 20, 2, 7], [3, 14, 13, 0, 289, 15, 165, 6, 2, 475], [23, 23, 1, 98, 6, 669, 54, 10, 4, 4], [25, 7, 13, 2, 3, 13, 895, 0, 0, 0], [3, 40, 49, 2, 6, 0, 2, 904, 0, 22], [35, 22, 24, 144, 0, 87, 54, 18, 540, 50], [20, 13, 13, 12, 15, 26, 12, 58, 2, 838]]"
22,82.76,0.587300289791232,0.833942385360437,0.8244059564314918,0.820619532165335,115806834,98.16326530612245,98.41409691629957,81.2015503875969,92.57425742574257,56.313645621181266,75.44843049327355,94.88517745302714,87.06225680933852,63.039014373716626,77.30426164519326,"[[962, 0, 0, 0, 2, 3, 5, 1, 7, 0], [0, 1117, 4, 4, 0, 2, 8, 0, 0, 0], [20, 22, 838, 32, 6, 0, 67, 20, 23, 4], [2, 14, 13, 935, 2, 15, 6, 14, 2, 7], [3, 11, 10, 1, 553, 25, 141, 4, 2, 232], [23, 20, 1, 94, 6, 673, 58, 8, 6, 3], [19, 4, 11, 1, 3, 11, 909, 0, 0, 0], [4, 43, 51, 4, 8, 0, 2, 895, 0, 21], [34, 16, 25, 118, 7, 62, 58, 14, 614, 26], [19, 15, 12, 14, 80, 28, 10, 48, 3, 780]]"
23,84.17,0.563320050605189,0.8455517969229305,0.8394370353530931,0.8370907445214073,121475700,97.24489795918367,98.32599118942731,82.36434108527132,92.07920792079209,75.76374745417516,78.58744394618834,95.51148225469728,86.08949416342413,67.76180698151951,65.70862239841428,"[[953, 0, 0, 0, 2, 3, 9, 1, 12, 0], [0, 1116, 4, 4, 0, 2, 8, 0, 1, 0], [16, 18, 850, 23, 10, 0, 69, 15, 28, 3], [2, 13, 16, 930, 3, 19, 6, 12, 5, 4], [2, 11, 8, 0, 744, 32, 107, 2, 3, 73], [22, 14, 2, 75, 9, 701, 59, 6, 4, 0], [16, 4, 9, 1, 3, 10, 915, 0, 0, 0], [3, 43, 52, 4, 17, 3, 2, 885, 1, 18], [22, 13, 28, 96, 14, 58, 61, 8, 660, 14], [15, 16, 8, 15, 205, 41, 8, 33, 5, 663]]"
24,84.82,0.5360035672545814,0.8531901624468322,0.8462627032955288,0.8441022899442456,127549485,96.3265306122449,98.06167400881057,83.62403100775194,92.07920792079209,82.79022403258655,78.1390134529148,94.98956158663883,85.11673151750972,75.7700205338809,59.365708622398415,"[[944, 0, 0, 0, 3, 2, 11, 1, 19, 0], [0, 1113, 4, 4, 0, 2, 7, 0, 5, 0], [13, 14, 863, 18, 10, 0, 65, 14, 33, 2], [2, 12, 19, 930, 2, 16, 6, 10, 11, 2], [1, 11, 7, 0, 813, 23, 80, 2, 4, 41], [19, 14, 2, 72, 10, 697, 59, 5, 13, 1], [15, 4, 10, 1, 7, 10, 910, 0, 1, 0], [2, 42, 55, 7, 18, 3, 2, 875, 2, 22], [11, 9, 30, 73, 12, 30, 53, 6, 738, 12], [11, 15, 8, 16, 281, 34, 4, 28, 13, 599]]"
25,85.39,0.5066384401755591,0.8600859271483507,0.8519078355817336,0.8502328030803474,133218351,96.22448979591837,98.06167400881057,84.30232558139535,92.97029702970298,87.57637474541752,76.34529147982063,94.78079331941545,83.85214007782102,78.13141683778234,59.66303270564916,"[[943, 0, 0, 0, 6, 2, 9, 1, 19, 0], [0, 1113, 3, 3, 0, 2, 6, 0, 8, 0], [11, 12, 870, 18, 15, 0, 54, 14, 36, 2], [2, 9, 17, 939, 2, 13, 6, 9, 11, 2], [1, 8, 6, 2, 860, 10, 51, 1, 6, 37], [18, 15, 2, 78, 15, 681, 55, 4, 23, 1], [15, 4, 9, 1, 11, 8, 908, 0, 2, 0], [2, 40, 54, 9, 19, 2, 1, 862, 2, 37], [10, 8, 28, 67, 20, 20, 43, 4, 761, 13], [7, 16, 6, 16, 302, 22, 3, 23, 12, 602]]"
26,86.18,0.4786063663113993,0.8675815956163773,0.8598233956372858,0.8589112854628344,138482298,96.42857142857143,97.88546255506608,86.82170542635659,92.77227722772278,90.12219959266803,76.68161434977578,93.21503131524008,83.56031128404669,80.49281314168378,61.843409316154606,"[[945, 0, 1, 0, 7, 2, 5, 1, 19, 0], [0, 1111, 5, 2, 0, 2, 5, 0, 10, 0], [10, 8, 896, 15, 20, 0, 32, 15, 31, 5], [2, 9, 20, 937, 3, 12, 5, 9, 9, 4], [1, 6, 5, 2, 885, 6, 33, 1, 7, 36], [18, 15, 3, 72, 22, 684, 45, 5, 27, 1], [13, 5, 11, 1, 22, 11, 893, 0, 2, 0], [2, 33, 57, 10, 18, 0, 0, 859, 0, 49], [5, 7, 30, 57, 24, 17, 27, 6, 784, 17], [5, 13, 7, 16, 292, 16, 2, 24, 10, 624]]"
27,86.91,0.45974706370419205,0.874360274685386,0.8667698320983627,0.8668045005801174,143341326,96.3265306122449,98.14977973568281,89.05038759689923,92.27722772277228,91.0386965376782,75.33632286995515,91.8580375782881,84.24124513618678,80.80082135523614,67.69078295341923,"[[944, 0, 2, 0, 8, 2, 4, 1, 19, 0], [0, 1114, 7, 2, 0, 1, 5, 0, 6, 0], [9, 8, 919, 9, 24, 0, 22, 14, 22, 5], [2, 9, 26, 932, 2, 10, 4, 11, 9, 5], [1, 6, 8, 2, 894, 0, 20, 1, 4, 46], [19, 15, 5, 73, 27, 672, 37, 7, 33, 4], [13, 7, 14, 1, 31, 10, 880, 0, 2, 0], [2, 27, 59, 6, 14, 0, 0, 866, 0, 54], [5, 8, 34, 52, 25, 14, 20, 8, 787, 21], [5, 11, 8, 13, 243, 12, 1, 23, 10, 683]]"
28,87.13,0.45076226371640976,0.8754439424250935,0.8685642762762985,0.8693887707785635,148605273,96.22448979591837,98.14977973568281,90.69767441860465,92.27722772277228,87.67820773930754,73.99103139013454,89.87473903966597,82.87937743190662,80.08213552361396,76.70961347869178,"[[943, 0, 3, 0, 7, 2, 3, 1, 21, 0], [0, 1114, 11, 2, 0, 1, 4, 0, 3, 0], [8, 7, 936, 9, 20, 0, 14, 14, 19, 5], [2, 9, 29, 932, 2, 7, 3, 10, 10, 6], [1, 8, 10, 2, 861, 0, 13, 1, 5, 81], [19, 17, 9, 77, 28, 660, 28, 7, 40, 7], [14, 7, 21, 2, 38, 11, 861, 0, 4, 0], [2, 27, 61, 7, 12, 0, 0, 852, 0, 67], [4, 8, 49, 52, 21, 12, 14, 6, 780, 28], [4, 10, 14, 15, 151, 11, 0, 21, 9, 774]]"
29,87.51,0.4403056194559454,0.8792163617446693,0.8724483048659127,0.873485968433466,153464301,96.53061224489797,98.41409691629957,91.37596899224806,91.88118811881189,87.37270875763747,75.7847533632287,89.03966597077245,83.65758754863813,80.49281314168378,77.89890981169475,"[[946, 0, 5, 0, 7, 2, 3, 1, 16, 0], [0, 1117, 11, 2, 0, 1, 2, 0, 2, 0], [8, 7, 943, 8, 18, 0, 11, 14, 18, 5], [2, 9, 31, 928, 2, 9, 2, 11, 9, 7], [1, 8, 12, 3, 858, 0, 12, 1, 6, 81], [17, 18, 9, 70, 28, 676, 24, 7, 36, 7], [14, 8, 24, 2, 39, 13, 853, 0, 5, 0], [2, 28, 61, 6, 13, 0, 0, 860, 0, 58], [5, 9, 53, 45, 22, 12, 9, 8, 784, 27], [4, 12, 16, 14, 136, 10, 0, 21, 10, 786]]"
30,88.04,0.41971379170973844,0.8832217099822138,0.8781840561202456,0.8788722348471516,158728248,97.55102040816327,98.23788546255507,90.98837209302324,91.48514851485149,87.4745417515275,78.58744394618834,91.02296450939458,83.94941634241245,80.49281314168378,78.39444995044599,"[[956, 0, 2, 0, 6, 2, 3, 1, 10, 0], [0, 1115, 10, 2, 0, 1, 3, 0, 4, 0], [10, 7, 939, 7, 16, 1, 14, 16, 17, 5], [2, 8, 30, 924, 2, 12, 3, 13, 9, 7], [1, 8, 11, 2, 859, 0, 15, 1, 5, 80], [19, 16, 9, 60, 25, 701, 25, 7, 24, 6], [17, 7, 19, 1, 26, 13, 872, 0, 3, 0], [2, 25, 59, 5, 14, 0, 0, 863, 0, 60], [9, 8, 46, 42, 20, 13, 14, 8, 784, 30], [7, 11, 13, 13, 136, 10, 0, 21, 7, 791]]"
31,88.68,0.4015869706535873,0.8879461499689869,0.8849089678418676,0.8851607684699496,162777438,98.46938775510205,98.23788546255507,90.31007751937985,91.68316831683168,86.0488798370672,81.72645739910314,92.06680584551148,85.60311284046692,80.28747433264887,80.47571853320119,"[[965, 0, 1, 0, 2, 2, 3, 1, 6, 0], [0, 1115, 8, 2, 0, 1, 4, 0, 5, 0], [13, 7, 932, 8, 15, 1, 17, 16, 18, 5], [2, 7, 26, 926, 2, 16, 3, 13, 8, 7], [3, 6, 9, 1, 845, 1, 18, 1, 6, 92], [25, 13, 7, 47, 21, 729, 29, 6, 12, 3], [17, 7, 13, 1, 21, 14, 882, 0, 3, 0], [4, 21, 55, 5, 14, 0, 0, 880, 0, 49], [20, 8, 38, 38, 18, 18, 16, 9, 782, 27], [10, 7, 11, 12, 113, 12, 1, 25, 6, 812]]"
32,88.82,0.39530372450622125,0.8889975689471351,0.886482111148962,0.8861343029531948,167636466,98.67346938775509,98.14977973568281,90.40697674418605,91.48514851485149,87.27087576374745,83.5201793721973,93.52818371607515,88.13229571984435,77.51540041067761,77.7998017839445,"[[967, 0, 1, 0, 2, 2, 3, 1, 4, 0], [0, 1114, 10, 2, 0, 1, 4, 0, 4, 0], [14, 4, 933, 8, 14, 1, 19, 16, 18, 5], [2, 5, 26, 924, 2, 19, 4, 18, 6, 4], [3, 5, 9, 1, 857, 2, 23, 1, 5, 76], [25, 12, 6, 35, 17, 745, 34, 7, 9, 2], [18, 6, 10, 1, 14, 11, 896, 0, 2, 0], [4, 17, 53, 3, 15, 0, 0, 906, 0, 30], [31, 7, 40, 34, 19, 27, 23, 10, 755, 28], [16, 7, 12, 11, 126, 13, 1, 34, 4, 785]]"
33,88.7,0.39696799582852343,0.8881386681792494,0.8853411958282313,0.8842933667960375,172900413,98.67346938775509,97.97356828193833,90.40697674418605,91.1881188118812,88.08553971486762,84.75336322869956,94.36325678496868,90.1750972762646,73.40862422997947,76.31318136769079,"[[967, 0, 2, 0, 1, 3, 4, 1, 2, 0], [0, 1112, 11, 2, 0, 2, 5, 0, 3, 0], [16, 4, 933, 8, 13, 1, 21, 20, 12, 4], [3, 5, 24, 921, 1, 22, 6, 19, 4, 5], [4, 4, 9, 1, 865, 3, 26, 4, 4, 62], [25, 10, 5, 33, 13, 756, 36, 7, 5, 2], [18, 5, 8, 1, 9, 11, 904, 0, 2, 0], [4, 15, 47, 5, 13, 0, 0, 927, 0, 17], [43, 7, 40, 34, 18, 43, 31, 12, 715, 31], [17, 7, 12, 11, 135, 13, 1, 40, 3, 770]]"
34,88.21,0.4022651717019157,0.8842249391322854,0.8806448626734312,0.8788878584789188,176949603,98.67346938775509,97.79735682819384,90.50387596899225,89.3069306930693,88.69653767820775,86.54708520179372,94.78079331941545,90.75875486381322,70.63655030800821,72.94350842418235,"[[967, 0, 2, 0, 1, 5, 4, 1, 0, 0], [0, 1110, 12, 2, 0, 3, 5, 0, 3, 0], [14, 4, 934, 8, 13, 1, 25, 18, 11, 4], [8, 5, 27, 902, 1, 30, 6, 23, 4, 4], [5, 2, 8, 1, 871, 4, 33, 7, 2, 49], [24, 7, 3, 22, 13, 772, 38, 6, 6, 1], [20, 4, 6, 0, 7, 11, 908, 0, 2, 0], [4, 13, 48, 3, 13, 0, 0, 933, 0, 14], [50, 6, 47, 30, 19, 50, 40, 13, 688, 31], [17, 6, 12, 11, 154, 15, 3, 53, 2, 736]]"
35,88.29,0.39915919472900824,0.8853115263701559,0.8814352988627856,0.8791703999286915,181403712,98.46938775510205,97.97356828193833,90.50387596899225,91.0891089108911,89.40936863543789,87.21973094170403,95.19832985386222,91.05058365758755,68.17248459958932,72.34886025768087,"[[965, 0, 2, 0, 1, 5, 6, 1, 0, 0], [0, 1112, 10, 2, 0, 3, 5, 0, 3, 0], [13, 5, 934, 8, 12, 2, 28, 17, 9, 4], [2, 5, 22, 920, 1, 24, 6, 22, 4, 4], [4, 2, 8, 3, 878, 5, 32, 7, 1, 42], [21, 7, 3, 27, 11, 778, 36, 5, 3, 1], [17, 4, 4, 1, 7, 11, 912, 0, 2, 0], [4, 12, 43, 8, 12, 1, 0, 936, 0, 12], [48, 6, 44, 39, 20, 64, 45, 13, 664, 31], [17, 6, 10, 11, 161, 16, 3, 54, 1, 730]]"
36,88.11,0.3982998493094795,0.8840642392950089,0.8793596740677607,0.8768270776257465,187072578,98.46938775510205,98.32599118942731,90.69767441860465,92.87128712871288,89.81670061099797,85.76233183856502,94.88517745302714,90.85603112840467,66.11909650924025,71.55599603567889,"[[965, 1, 1, 0, 1, 5, 6, 1, 0, 0], [0, 1116, 8, 2, 0, 2, 5, 0, 2, 0], [13, 5, 936, 9, 11, 2, 26, 17, 9, 4], [2, 4, 18, 938, 1, 19, 5, 18, 1, 4], [3, 4, 8, 5, 882, 4, 30, 5, 1, 40], [20, 8, 3, 40, 10, 765, 36, 6, 2, 2], [16, 5, 4, 1, 9, 13, 909, 0, 1, 0], [4, 14, 43, 9, 10, 1, 0, 934, 0, 13], [40, 6, 43, 63, 22, 69, 45, 12, 644, 30], [15, 7, 14, 15, 164, 16, 2, 54, 0, 722]]"
37,87.68,0.40915666230189535,0.8815866275095932,0.8747648869985983,0.8716265858582247,193146363,98.46938775510205,98.50220264317181,91.56976744186046,93.96039603960395,89.20570264765783,84.75336322869956,95.09394572025052,90.85603112840467,61.293634496919914,71.06045589692765,"[[965, 1, 2, 0, 0, 5, 6, 1, 0, 0], [0, 1118, 8, 3, 0, 1, 5, 0, 0, 0], [10, 5, 945, 12, 10, 1, 24, 18, 4, 3], [2, 4, 16, 949, 1, 14, 3, 17, 1, 3], [2, 7, 11, 6, 876, 4, 31, 5, 1, 39], [16, 8, 7, 54, 9, 756, 33, 5, 2, 2], [14, 6, 4, 1, 8, 13, 911, 0, 1, 0], [4, 15, 43, 11, 8, 1, 0, 934, 0, 12], [33, 10, 55, 100, 21, 71, 45, 14, 597, 28], [13, 8, 20, 23, 157, 15, 2, 54, 0, 717]]"
38,87.16,0.4204675628782842,0.8791088380377035,0.8691728192812029,0.8660805852072475,199220148,98.16326530612245,98.59030837004406,92.24806201550388,94.95049504950495,90.020366598778,81.61434977578476,94.98956158663883,89.98054474708171,59.24024640657084,69.37561942517344,"[[962, 1, 2, 1, 0, 4, 8, 1, 1, 0], [0, 1119, 7, 3, 0, 1, 5, 0, 0, 0], [10, 5, 952, 12, 10, 1, 23, 13, 3, 3], [1, 4, 16, 959, 1, 8, 2, 14, 1, 4], [2, 8, 12, 7, 884, 2, 27, 5, 1, 34], [13, 11, 7, 80, 9, 728, 35, 4, 4, 1], [13, 6, 7, 2, 8, 11, 910, 0, 1, 0], [4, 16, 50, 14, 8, 1, 0, 925, 0, 10], [30, 13, 61, 133, 20, 56, 43, 13, 577, 28], [13, 9, 24, 32, 167, 9, 1, 54, 0, 700]]"
39,87.51,0.4170635681563673,0.8844157521203175,0.8723542617649087,0.8714967086284883,204889014,98.06122448979592,97.97356828193833,93.31395348837209,96.23762376237623,86.76171079429736,77.80269058295964,94.98956158663883,88.03501945525292,63.75770020533881,75.42120911793855,"[[961, 0, 4, 4, 0, 4, 5, 1, 1, 0], [0, 1112, 12, 6, 0, 1, 4, 0, 0, 0], [10, 3, 963, 12, 9, 0, 19, 9, 3, 4], [0, 4, 17, 972, 1, 2, 2, 8, 3, 1], [2, 7, 18, 14, 852, 1, 26, 3, 4, 55], [14, 11, 13, 108, 10, 694, 33, 3, 4, 2], [13, 5, 12, 3, 6, 8, 910, 0, 1, 0], [4, 17, 59, 16, 9, 0, 0, 905, 0, 18], [24, 9, 70, 135, 16, 27, 36, 7, 621, 29], [10, 9, 32, 39, 110, 7, 1, 39, 1, 761]]"
40,87.55,0.4126484642346827,0.8854513329829532,0.8725118649589764,0.8729044953655087,210152961,98.46938775510205,97.53303964757708,93.9922480620155,95.84158415841584,77.39307535641548,75.22421524663677,94.88517745302714,86.284046692607,70.4312114989733,82.45787908820614,"[[965, 0, 4, 0, 0, 2, 6, 1, 2, 0], [0, 1107, 16, 5, 0, 1, 4, 0, 2, 0], [9, 2, 970, 10, 5, 0, 19, 9, 3, 5], [1, 4, 20, 968, 1, 0, 2, 6, 4, 4], [3, 6, 30, 15, 760, 0, 33, 2, 5, 128], [18, 10, 13, 122, 9, 671, 36, 3, 7, 3], [15, 5, 14, 3, 4, 6, 909, 0, 2, 0], [4, 17, 67, 16, 8, 0, 0, 887, 2, 27], [24, 7, 68, 103, 10, 13, 35, 6, 686, 22], [11, 9, 34, 39, 49, 6, 1, 27, 1, 832]]"
41,88.28,0.3919211688656776,0.889881851682901,0.8802285321873301,0.8805547732863854,215416908,98.36734693877551,97.70925110132158,93.7015503875969,94.85148514851485,71.99592668024441,77.24215246636771,95.72025052192068,85.3112840466926,80.49281314168378,84.8364717542121,"[[964, 0, 4, 0, 0, 1, 6, 1, 4, 0], [0, 1109, 9, 2, 0, 1, 5, 0, 9, 0], [9, 1, 967, 9, 5, 0, 19, 8, 9, 5], [3, 4, 24, 958, 1, 1, 2, 6, 6, 5], [3, 6, 29, 10, 707, 1, 38, 2, 13, 173], [19, 11, 12, 101, 5, 689, 36, 3, 13, 3], [15, 2, 13, 1, 2, 5, 917, 0, 3, 0], [4, 22, 71, 11, 8, 0, 0, 877, 2, 33], [20, 4, 46, 54, 5, 7, 30, 5, 784, 19], [12, 10, 34, 27, 36, 6, 1, 23, 4, 856]]"
42,87.91,0.38776941111864754,0.8856147842118473,0.87658164621982,0.876169996698612,220275936,98.67346938775509,97.53303964757708,93.5077519379845,92.87128712871288,66.08961303462321,77.80269058295964,95.92901878914405,86.18677042801556,82.85420944558521,85.13379583746283,"[[967, 0, 2, 0, 0, 1, 4, 1, 5, 0], [0, 1107, 5, 2, 0, 1, 5, 0, 15, 0], [9, 0, 965, 7, 4, 0, 21, 8, 13, 5], [3, 4, 34, 938, 0, 3, 4, 9, 11, 4], [5, 7, 27, 8, 649, 2, 43, 2, 24, 215], [24, 12, 10, 85, 5, 694, 38, 4, 16, 4], [15, 2, 11, 1, 2, 5, 919, 0, 3, 0], [4, 23, 70, 9, 5, 1, 0, 886, 2, 28], [22, 4, 39, 35, 4, 8, 31, 6, 807, 18], [14, 11, 34, 20, 27, 7, 1, 25, 11, 859]]"
43,88.81,0.3753427418704612,0.8919792377987712,0.8858584319742416,0.8858253686124588,225134964,98.9795918367347,98.06167400881057,93.7015503875969,91.98019801980199,73.0142566191446,80.04484304932735,95.92901878914405,87.64591439688716,82.85420944558521,83.64717542120911,"[[970, 1, 1, 0, 0, 0, 3, 1, 4, 0], [0, 1113, 5, 2, 0, 1, 5, 0, 9, 0], [10, 2, 967, 6, 4, 0, 21, 8, 9, 5], [3, 6, 36, 929, 0, 3, 4, 15, 12, 2], [6, 9, 26, 6, 717, 2, 40, 3, 16, 157], [26, 12, 10, 62, 5, 714, 37, 5, 17, 4], [17, 2, 10, 1, 2, 5, 919, 0, 2, 0], [5, 24, 64, 7, 6, 1, 0, 901, 2, 18], [28, 6, 37, 26, 7, 8, 32, 8, 807, 15], [16, 12, 34, 13, 40, 8, 1, 32, 9, 844]]"
44,88.76,0.3737480453075692,0.8908329199813816,0.8854074472186314,0.8853741073878105,229993992,99.08163265306122,98.32599118942731,93.31395348837209,90.5940594059406,75.35641547861506,80.94170403587444,95.82463465553236,89.2023346303502,80.9034907597536,81.86323092170466,"[[971, 1, 2, 0, 0, 0, 3, 1, 2, 0], [0, 1116, 4, 2, 0, 1, 5, 0, 7, 0], [11, 5, 963, 5, 5, 1, 20, 10, 8, 4], [3, 12, 37, 915, 1, 7, 3, 17, 12, 3], [6, 11, 24, 4, 740, 2, 41, 6, 12, 136], [30, 18, 10, 50, 5, 722, 36, 6, 11, 4], [17, 4, 9, 1, 2, 5, 918, 0, 2, 0], [5, 25, 57, 4, 6, 1, 0, 917, 1, 12], [36, 12, 37, 22, 8, 14, 32, 12, 788, 13], [19, 16, 30, 11, 44, 7, 1, 49, 6, 826]]"
45,88.27,0.3882808588183345,0.8872493202884432,0.8802533200369528,0.880176160512887,235662858,99.08163265306122,99.11894273127754,93.8953488372093,89.20792079207921,76.9857433808554,80.15695067264575,96.03340292275574,90.1750972762646,77.1047227926078,78.49355797819624,"[[971, 1, 2, 0, 0, 0, 3, 1, 2, 0], [0, 1125, 3, 1, 0, 1, 5, 0, 0, 0], [10, 5, 969, 5, 4, 0, 21, 11, 6, 1], [7, 16, 40, 901, 1, 7, 3, 22, 9, 4], [7, 15, 25, 4, 756, 2, 37, 7, 12, 117], [31, 26, 10, 48, 5, 715, 38, 6, 9, 4], [18, 5, 7, 1, 2, 3, 920, 0, 2, 0], [5, 27, 55, 3, 5, 1, 0, 927, 1, 4], [43, 24, 44, 20, 9, 16, 38, 15, 751, 14], [22, 20, 31, 10, 48, 6, 1, 74, 5, 792]]"
46,88.15,0.3931107476782113,0.8865999536527107,0.8789745611590677,0.8788202880092498,241736643,99.18367346938776,99.20704845814979,94.37984496124031,89.20792079207921,77.39307535641548,80.04484304932735,95.82463465553236,91.53696498054474,76.18069815195072,76.01585728444003,"[[972, 1, 2, 0, 0, 0, 3, 1, 1, 0], [0, 1126, 3, 1, 0, 1, 4, 0, 0, 0], [9, 5, 974, 5, 5, 0, 16, 12, 5, 1], [7, 16, 41, 901, 1, 6, 3, 23, 8, 4], [7, 16, 27, 4, 760, 1, 34, 8, 9, 116], [31, 26, 10, 50, 5, 714, 38, 7, 8, 3], [18, 6, 7, 1, 3, 3, 918, 0, 2, 0], [5, 27, 45, 2, 5, 1, 0, 941, 1, 1], [43, 26, 48, 24, 9, 15, 37, 15, 742, 15], [22, 19, 29, 10, 47, 5, 1, 105, 4, 767]]"
47,88.07,0.3886910194215683,0.8864563247231632,0.8778649192928023,0.8778366687703938,245785833,99.18367346938776,99.38325991189427,93.8953488372093,90.2970297029703,75.96741344195519,78.25112107623319,95.72025052192068,91.34241245136187,74.53798767967146,79.28642220019822,"[[972, 1, 2, 0, 0, 0, 3, 1, 1, 0], [0, 1128, 2, 1, 0, 1, 3, 0, 0, 0], [9, 7, 969, 6, 5, 0, 16, 15, 2, 3], [3, 15, 38, 912, 1, 3, 3, 22, 8, 5], [6, 16, 26, 4, 746, 1, 33, 7, 5, 138], [31, 28, 10, 59, 5, 698, 40, 7, 8, 6], [18, 7, 7, 1, 3, 3, 917, 0, 2, 0], [5, 27, 43, 4, 6, 0, 0, 939, 1, 3], [40, 33, 43, 31, 10, 15, 37, 17, 726, 22], [19, 19, 26, 11, 38, 5, 1, 87, 3, 800]]"
48,88.99,0.36381941571974524,0.8944247433024186,0.8873305556338689,0.8875119597555757,251049780,98.9795918367347,99.38325991189427,92.53875968992247,92.67326732673268,75.56008146639512,80.71748878923766,95.4070981210856,91.63424124513618,76.59137577002053,83.84539147670962,"[[970, 1, 2, 0, 0, 0, 3, 1, 3, 0], [0, 1128, 2, 1, 0, 1, 3, 0, 0, 0], [10, 11, 955, 7, 5, 0, 18, 14, 6, 6], [3, 14, 21, 936, 1, 3, 2, 19, 6, 5], [6, 15, 15, 4, 742, 1, 32, 6, 5, 156], [22, 26, 10, 60, 6, 720, 30, 6, 7, 5], [17, 7, 7, 1, 4, 6, 914, 0, 2, 0], [4, 28, 34, 7, 4, 1, 0, 942, 1, 7], [28, 35, 26, 41, 12, 17, 29, 17, 746, 23], [16, 18, 17, 11, 33, 6, 1, 59, 2, 846]]"
49,89.54,0.3460092173097804,0.898949563941558,0.8930603596345319,0.8932811859089387,256313727,98.67346938775509,99.29515418502203,91.66666666666666,94.15841584158416,80.85539714867616,82.17488789237667,94.98956158663883,90.27237354085604,74.94866529774127,86.02576808721506,"[[967, 1, 0, 0, 0, 2, 5, 1, 3, 1], [0, 1127, 2, 2, 0, 1, 3, 0, 0, 0], [9, 13, 946, 10, 6, 0, 19, 15, 7, 7], [1, 13, 11, 951, 1, 6, 2, 17, 3, 5], [3, 11, 10, 6, 794, 2, 23, 3, 5, 125], [16, 19, 9, 67, 6, 733, 26, 6, 5, 5], [16, 8, 5, 1, 6, 9, 910, 0, 3, 0], [4, 30, 32, 10, 6, 1, 0, 928, 1, 16], [20, 35, 17, 62, 13, 26, 26, 12, 730, 33], [14, 14, 11, 13, 43, 7, 1, 35, 3, 868]]"
50,90.14,0.32948437392616425,0.9032724376254008,0.8995679931060346,0.8995198860267388,261172755,98.46938775510205,99.20704845814979,90.89147286821705,94.65346534653465,83.19755600814665,85.53811659192824,95.09394572025052,88.81322957198444,76.48870636550308,87.21506442021804,"[[965, 1, 0, 0, 0, 4, 5, 1, 3, 1], [0, 1126, 2, 2, 0, 1, 4, 0, 0, 0], [10, 13, 938, 9, 7, 1, 21, 15, 11, 7], [0, 7, 9, 956, 1, 12, 3, 9, 4, 9], [3, 8, 8, 3, 817, 2, 23, 2, 5, 111], [13, 14, 8, 52, 4, 763, 24, 5, 5, 4], [14, 7, 5, 1, 7, 10, 911, 0, 3, 0], [4, 29, 34, 11, 7, 1, 0, 913, 1, 28], [18, 20, 10, 60, 15, 40, 25, 9, 745, 32], [12, 10, 6, 14, 53, 9, 0, 21, 4, 880]]"
51,90.14,0.32633272138314123,0.9043527266228392,0.8998308125038863,0.8998039569672771,266031783,98.46938775510205,99.03083700440529,91.37596899224806,94.85148514851485,81.87372708757637,87.21973094170403,95.19832985386222,85.50583657587548,77.20739219712526,89.09811694747275,"[[965, 1, 0, 0, 0, 5, 5, 1, 2, 1], [0, 1124, 2, 2, 0, 1, 4, 0, 2, 0], [11, 7, 943, 12, 5, 1, 22, 11, 13, 7], [0, 3, 10, 958, 0, 16, 3, 5, 4, 11], [3, 4, 8, 2, 804, 3, 23, 1, 5, 129], [12, 7, 7, 49, 4, 778, 23, 3, 4, 5], [14, 4, 5, 1, 6, 13, 912, 0, 3, 0], [4, 27, 38, 12, 7, 1, 0, 879, 1, 59], [17, 15, 9, 59, 14, 42, 23, 3, 752, 40], [11, 9, 6, 14, 45, 10, 0, 11, 4, 899]]"
52,90.11,0.3291072363432604,0.9045586956920557,0.8996633880011388,0.8995426010489606,272105568,98.36734693877551,98.6784140969163,91.76356589147287,94.95049504950495,82.58655804480651,87.10762331838565,95.92901878914405,82.97665369649806,77.41273100616016,89.89098116947473,"[[964, 1, 0, 0, 0, 4, 6, 1, 3, 1], [0, 1120, 2, 2, 0, 1, 4, 0, 6, 0], [11, 7, 947, 10, 5, 1, 22, 9, 13, 7], [0, 3, 10, 959, 0, 16, 3, 5, 3, 11], [3, 4, 7, 2, 811, 3, 28, 1, 5, 118], [12, 6, 6, 51, 4, 777, 25, 2, 4, 5], [12, 3, 5, 1, 5, 10, 919, 0, 3, 0], [4, 27, 42, 14, 9, 1, 0, 853, 1, 77], [17, 9, 10, 60, 14, 41, 29, 2, 754, 38], [11, 9, 4, 14, 44, 10, 2, 4, 4, 907]]"
53,89.55,0.3353591945272284,0.9013358510871994,0.8942056209720601,0.894017466899632,277369515,98.46938775510205,98.59030837004406,91.56976744186046,95.04950495049505,80.04073319755601,88.11659192825113,95.82463465553236,79.28015564202335,76.28336755646818,90.98116947472745,"[[965, 1, 0, 0, 0, 5, 5, 1, 2, 1], [0, 1119, 2, 2, 0, 2, 4, 0, 6, 0], [13, 7, 945, 11, 5, 1, 22, 8, 13, 7], [0, 3, 9, 960, 0, 16, 3, 4, 3, 12], [3, 4, 7, 2, 786, 3, 29, 0, 5, 143], [12, 6, 5, 44, 3, 786, 24, 2, 4, 6], [15, 3, 5, 1, 3, 11, 918, 0, 2, 0], [4, 28, 46, 19, 7, 2, 0, 815, 1, 106], [19, 9, 10, 67, 13, 42, 30, 2, 743, 39], [11, 9, 4, 14, 34, 10, 2, 3, 4, 918]]"
54,89.8,0.33117764705000596,0.9031371837173777,0.8969211914422617,0.8965841635408612,281823624,98.46938775510205,98.41409691629957,92.44186046511628,94.75247524752474,80.85539714867616,89.57399103139014,95.92901878914405,78.89105058365759,77.20739219712526,90.38652130822597,"[[965, 1, 0, 0, 0, 5, 5, 1, 2, 1], [0, 1117, 3, 2, 0, 2, 4, 0, 7, 0], [13, 3, 954, 8, 5, 1, 22, 8, 11, 7], [1, 3, 10, 957, 0, 18, 3, 4, 2, 12], [3, 4, 7, 2, 794, 3, 29, 0, 5, 135], [14, 6, 6, 32, 2, 799, 22, 2, 3, 6], [15, 3, 5, 1, 3, 10, 919, 0, 2, 0], [4, 24, 53, 18, 7, 3, 1, 811, 1, 106], [20, 8, 12, 58, 13, 41, 31, 2, 752, 37], [12, 9, 5, 13, 39, 11, 1, 3, 4, 912]]"
55,90.24,0.32307766898038287,0.9062519710891147,0.901427789110584,0.9009921701095776,287492490,98.46938775510205,98.32599118942731,92.73255813953489,94.55445544554455,82.07739307535643,90.47085201793722,95.92901878914405,80.35019455252919,78.13141683778234,90.38652130822597,"[[965, 1, 0, 0, 0, 5, 5, 1, 2, 1], [0, 1116, 3, 2, 0, 2, 5, 0, 7, 0], [12, 1, 957, 8, 5, 1, 21, 8, 12, 7], [1, 2, 11, 955, 0, 19, 3, 5, 3, 11], [3, 4, 7, 1, 806, 2, 31, 0, 5, 123], [14, 6, 6, 24, 2, 807, 22, 2, 4, 5], [15, 3, 5, 1, 3, 10, 919, 0, 2, 0], [4, 22, 55, 16, 8, 3, 1, 826, 1, 92], [22, 7, 15, 48, 13, 39, 33, 2, 761, 34], [12, 8, 5, 12, 40, 12, 1, 3, 4, 912]]"
56,90.4,0.31685086474203455,0.9074203861788869,0.90297273949134,0.9024619986399666,292351518,98.57142857142858,98.32599118942731,93.31395348837209,93.76237623762376,82.17922606924644,90.69506726457399,96.13778705636743,82.39299610894942,77.20739219712526,90.38652130822597,"[[966, 1, 1, 0, 0, 5, 5, 1, 0, 1], [0, 1116, 4, 2, 0, 2, 5, 0, 6, 0], [12, 1, 963, 7, 5, 1, 18, 8, 10, 7], [1, 2, 14, 947, 0, 24, 3, 5, 3, 11], [3, 3, 9, 1, 807, 2, 32, 1, 5, 119], [14, 6, 7, 20, 2, 809, 22, 3, 4, 5], [15, 3, 5, 1, 3, 8, 921, 0, 2, 0], [4, 21, 57, 13, 7, 3, 1, 847, 1, 74], [22, 6, 20, 46, 11, 43, 36, 2, 752, 36], [14, 8, 5, 11, 40, 12, 1, 3, 3, 912]]"
57,90.28,0.31434104363091836,0.9057686529507614,0.9015778209502419,0.9008851631210023,297210546,98.67346938775509,98.23788546255507,93.6046511627907,93.46534653465348,81.26272912423626,90.35874439461884,96.24217118997912,85.89494163424123,74.64065708418892,89.197224975223,"[[967, 0, 2, 0, 0, 5, 5, 1, 0, 0], [0, 1115, 6, 2, 0, 2, 5, 0, 5, 0], [12, 1, 966, 7, 4, 1, 18, 9, 7, 7], [2, 3, 18, 944, 0, 21, 3, 8, 2, 9], [3, 4, 9, 1, 798, 2, 35, 1, 5, 124], [16, 6, 8, 21, 2, 806, 22, 4, 3, 4], [15, 3, 5, 1, 3, 8, 922, 0, 1, 0], [4, 18, 54, 13, 6, 2, 0, 883, 1, 47], [27, 6, 27, 53, 11, 44, 37, 6, 727, 36], [14, 9, 6, 13, 39, 13, 2, 12, 1, 900]]"
58,90.4,0.31685229143300375,0.9069205195242063,0.9024837348506338,0.9016637650123837,301664655,98.57142857142858,98.32599118942731,95.05813953488372,94.05940594059405,82.17922606924644,89.12556053811659,96.4509394572025,88.52140077821011,72.38193018480493,87.80971258671953,"[[966, 0, 3, 0, 0, 5, 5, 1, 0, 0], [0, 1116, 8, 2, 0, 1, 5, 0, 3, 0], [9, 1, 981, 5, 4, 1, 14, 9, 3, 5], [2, 2, 18, 950, 0, 17, 3, 11, 1, 6], [3, 4, 14, 4, 807, 2, 31, 2, 3, 112], [18, 6, 9, 31, 2, 795, 22, 4, 1, 4], [14, 3, 5, 1, 3, 7, 924, 0, 1, 0], [4, 15, 52, 13, 7, 1, 0, 910, 0, 26], [28, 6, 36, 66, 12, 40, 38, 9, 705, 34], [15, 7, 8, 13, 42, 13, 2, 22, 1, 886]]"
59,89.67,0.33474833596819126,0.9016499930463322,0.894886970784705,0.8942474841443071,305713845,98.67346938775509,97.53303964757708,95.63953488372093,94.55445544554455,80.44806517311609,86.32286995515696,96.5553235908142,89.2023346303502,70.32854209445586,85.62933597621407,"[[967, 0, 3, 0, 0, 4, 5, 1, 0, 0], [0, 1107, 18, 2, 0, 1, 5, 0, 2, 0], [9, 0, 987, 5, 4, 1, 11, 8, 3, 4], [2, 2, 22, 955, 0, 8, 4, 12, 1, 4], [5, 3, 25, 7, 790, 1, 32, 4, 5, 110], [22, 5, 11, 50, 2, 770, 22, 5, 1, 4], [16, 2, 6, 1, 3, 4, 925, 0, 1, 0], [5, 12, 61, 9, 5, 1, 0, 917, 1, 17], [35, 4, 64, 74, 10, 26, 36, 10, 685, 30], [18, 6, 16, 16, 43, 10, 2, 33, 1, 864]]"
60,89.68,0.33651763407852703,0.9024597690101398,0.8946974545894866,0.89470653322813,310977792,98.9795918367347,97.44493392070484,95.83333333333334,95.14851485148515,82.28105906313645,82.95964125560538,96.03340292275574,89.59143968871595,72.38193018480493,84.0436075322101,"[[970, 0, 3, 0, 0, 0, 5, 1, 1, 0], [0, 1106, 20, 2, 0, 1, 3, 0, 3, 0], [9, 0, 989, 6, 4, 0, 9, 9, 3, 3], [3, 2, 23, 961, 0, 2, 3, 11, 2, 3], [4, 3, 29, 7, 808, 1, 24, 6, 5, 95], [21, 5, 13, 70, 2, 740, 25, 6, 6, 4], [17, 2, 8, 1, 3, 4, 920, 0, 3, 0], [5, 12, 60, 9, 6, 1, 0, 921, 1, 13], [32, 4, 66, 80, 11, 14, 28, 9, 705, 25], [18, 7, 21, 20, 49, 6, 1, 37, 2, 848]]"
61,89.95,0.33241741377086687,0.9050288242834368,0.8973654733355774,0.8978337917383558,315026982,98.87755102040816,97.26872246696036,96.02713178294574,94.85148514851485,82.28105906313645,81.16591928251121,96.3465553235908,89.29961089494164,77.1047227926078,84.14271555996035,"[[969, 0, 3, 0, 0, 0, 5, 1, 2, 0], [0, 1104, 21, 2, 0, 1, 4, 0, 3, 0], [8, 0, 991, 6, 5, 0, 8, 7, 3, 4], [3, 1, 26, 958, 0, 2, 2, 11, 5, 2], [3, 3, 32, 7, 808, 1, 23, 6, 6, 93], [23, 5, 13, 80, 2, 724, 27, 5, 9, 4], [15, 2, 8, 1, 3, 3, 923, 0, 3, 0], [5, 12, 62, 9, 6, 1, 0, 918, 1, 14], [27, 4, 62, 58, 9, 8, 25, 9, 751, 21], [18, 7, 23, 20, 49, 4, 1, 36, 2, 849]]"
62,90.52,0.3129774996409782,0.9084000712023149,0.9032259387467215,0.9035175293380355,319481091,98.67346938775509,97.3568281938326,95.73643410852713,94.55445544554455,82.79022403258655,81.50224215246637,96.86847599164928,89.6887159533074,81.41683778234086,84.63825569871159,"[[967, 0, 3, 0, 0, 0, 6, 1, 3, 0], [0, 1105, 14, 2, 0, 1, 5, 0, 8, 0], [7, 0, 988, 5, 4, 0, 11, 8, 5, 4], [3, 2, 24, 955, 0, 2, 3, 11, 7, 3], [3, 3, 24, 7, 813, 1, 31, 5, 9, 86], [19, 6, 11, 70, 2, 727, 33, 6, 14, 4], [12, 2, 6, 1, 3, 3, 928, 0, 3, 0], [5, 13, 57, 7, 6, 1, 0, 922, 1, 16], [21, 4, 41, 41, 10, 7, 28, 10, 793, 19], [15, 8, 21, 15, 50, 4, 1, 35, 6, 854]]"
63,91.09,0.29368025132309133,0.912833078013375,0.9089854110634112,0.9091867882721333,325554876,98.57142857142858,98.14977973568281,95.54263565891473,94.75247524752474,83.5030549898167,82.7354260089686,96.97286012526096,90.1750972762646,82.85420944558521,85.72844400396433,"[[966, 1, 2, 0, 0, 0, 7, 1, 3, 0], [0, 1114, 4, 2, 0, 1, 5, 0, 9, 0], [8, 0, 986, 5, 4, 0, 12, 8, 5, 4], [2, 3, 22, 957, 0, 2, 3, 11, 7, 3], [3, 4, 14, 4, 820, 1, 32, 4, 8, 92], [17, 6, 10, 61, 4, 738, 32, 6, 14, 4], [11, 3, 5, 1, 3, 3, 929, 0, 3, 0], [5, 16, 48, 8, 6, 1, 0, 927, 1, 16], [20, 5, 29, 33, 10, 7, 31, 10, 807, 22], [13, 8, 13, 13, 53, 6, 1, 32, 5, 865]]"
64,91.32,0.2820657540124636,0.9153324005959032,0.9113156194890528,0.9115862327083338,329604066,98.46938775510205,98.23788546255507,94.67054263565892,95.04950495049505,79.93890020366598,83.5201793721973,96.97286012526096,90.95330739299611,84.70225872689939,88.800792864222,"[[965, 1, 1, 0, 0, 1, 7, 1, 4, 0], [0, 1115, 4, 2, 0, 1, 4, 0, 9, 0], [8, 0, 977, 6, 4, 0, 15, 9, 8, 5], [1, 3, 18, 960, 0, 2, 3, 12, 7, 4], [3, 4, 9, 1, 785, 1, 31, 3, 7, 138], [17, 6, 9, 54, 4, 745, 30, 6, 15, 6], [11, 3, 5, 1, 3, 3, 929, 0, 3, 0], [4, 17, 37, 9, 5, 1, 0, 935, 1, 19], [17, 5, 16, 33, 11, 8, 27, 10, 825, 22], [12, 7, 5, 13, 39, 4, 2, 25, 6, 896]]"
65,92.01,0.2643292948675041,0.9201566180814726,0.9188900616186411,0.9190315077353237,334463094,98.06122448979592,98.50220264317181,93.5077519379845,93.46534653465348,85.23421588594705,88.34080717488789,96.4509394572025,90.95330739299611,86.96098562628337,87.41328047571854,"[[961, 1, 0, 0, 0, 3, 8, 1, 5, 1], [0, 1118, 3, 2, 0, 1, 4, 0, 7, 0], [9, 2, 965, 4, 6, 1, 17, 11, 11, 6], [1, 6, 11, 944, 1, 11, 2, 14, 13, 7], [2, 5, 6, 1, 837, 1, 27, 2, 6, 95], [14, 6, 5, 27, 3, 788, 25, 6, 13, 5], [9, 4, 5, 1, 7, 5, 924, 0, 3, 0], [4, 18, 35, 7, 6, 1, 0, 935, 1, 21], [11, 7, 5, 24, 13, 15, 20, 10, 847, 22], [11, 8, 4, 9, 54, 7, 1, 25, 8, 882]]"
66,92.23,0.2643453451200796,0.9217461242843064,0.921511958240538,0.9213598846126866,338512284,97.6530612244898,98.76651982378854,93.02325581395348,91.58415841584159,88.28920570264765,92.04035874439462,96.03340292275574,91.43968871595331,86.75564681724846,85.92666005946482,"[[957, 1, 0, 0, 0, 5, 9, 1, 6, 1], [0, 1121, 2, 1, 0, 1, 3, 0, 7, 0], [8, 4, 960, 4, 6, 2, 17, 14, 11, 6], [0, 9, 10, 925, 1, 22, 2, 17, 17, 7], [0, 4, 5, 1, 867, 3, 23, 3, 6, 70], [9, 8, 2, 12, 3, 821, 20, 4, 11, 2], [8, 4, 5, 1, 8, 10, 920, 0, 2, 0], [4, 19, 31, 5, 6, 1, 0, 940, 2, 20], [8, 11, 5, 19, 13, 25, 16, 10, 845, 22], [9, 10, 4, 7, 66, 12, 1, 25, 8, 867]]"
67,92.08,0.26824806142634094,0.9202288854135631,0.92018801963537,0.9197400323735838,343776231,97.24489795918367,98.94273127753304,93.8953488372093,90.5940594059406,88.79837067209776,93.94618834080718,95.82463465553236,91.14785992217898,86.34496919917865,83.44895936570862,"[[953, 1, 1, 0, 0, 9, 10, 1, 5, 0], [0, 1123, 2, 1, 0, 1, 3, 0, 5, 0], [7, 3, 969, 4, 6, 2, 14, 9, 12, 6], [0, 8, 12, 915, 0, 36, 1, 18, 15, 5], [0, 5, 6, 1, 872, 4, 24, 3, 7, 60], [6, 8, 3, 11, 2, 838, 12, 4, 6, 2], [7, 5, 5, 1, 8, 12, 918, 0, 2, 0], [3, 21, 35, 5, 6, 2, 0, 937, 2, 17], [6, 11, 5, 17, 13, 36, 15, 10, 841, 20], [5, 11, 5, 7, 80, 16, 1, 31, 11, 842]]"
68,91.99,0.27372302281589933,0.9198737322347388,0.9191664893985199,0.9186802517992492,349850016,97.44897959183673,99.11894273127754,95.05813953488372,91.1881188118812,87.78004073319755,94.05829596412556,96.03340292275574,92.50972762645915,84.70225872689939,81.26858275520317,"[[955, 1, 2, 0, 0, 8, 9, 1, 4, 0], [0, 1125, 3, 1, 0, 1, 3, 0, 2, 0], [4, 4, 981, 3, 6, 2, 11, 11, 7, 3], [0, 8, 19, 921, 0, 32, 1, 19, 7, 3], [0, 9, 8, 1, 862, 4, 26, 6, 8, 58], [5, 8, 4, 11, 2, 839, 13, 4, 5, 1], [7, 6, 5, 1, 5, 12, 920, 0, 2, 0], [3, 19, 36, 5, 5, 1, 0, 951, 1, 7], [8, 16, 11, 21, 11, 37, 15, 12, 825, 18], [7, 11, 7, 10, 78, 16, 0, 52, 8, 820]]"
69,91.56,0.2827064070029381,0.916623906145863,0.9147840876213303,0.9140678014193785,353899206,97.75510204081633,99.11894273127754,96.02713178294574,91.0891089108911,88.4928716904277,93.72197309417041,96.24217118997912,92.99610894941634,82.13552361396303,77.20515361744302,"[[958, 1, 2, 0, 0, 7, 8, 1, 3, 0], [0, 1125, 4, 1, 0, 1, 4, 0, 0, 0], [3, 4, 991, 3, 6, 2, 9, 10, 3, 1], [0, 8, 24, 920, 0, 28, 1, 20, 6, 3], [1, 9, 10, 1, 869, 4, 26, 6, 3, 53], [5, 8, 7, 11, 2, 836, 14, 4, 4, 1], [8, 6, 5, 1, 3, 11, 922, 0, 2, 0], [3, 19, 38, 4, 4, 2, 0, 956, 1, 1], [9, 20, 21, 24, 11, 41, 18, 14, 800, 16], [9, 10, 10, 10, 87, 14, 0, 83, 7, 779]]"
70,91.25,0.2870352444247887,0.914042373881872,0.9114869381164858,0.9107062645734885,359568072,97.95918367346938,99.20704845814979,96.31782945736434,92.07920792079209,87.16904276985743,93.27354260089686,96.13778705636743,93.09338521400778,78.74743326488706,77.50247770069376,"[[960, 1, 3, 0, 0, 6, 8, 1, 1, 0], [0, 1126, 5, 1, 0, 1, 2, 0, 0, 0], [3, 3, 994, 4, 4, 2, 9, 10, 2, 1], [0, 5, 24, 930, 0, 21, 1, 21, 4, 4], [1, 9, 13, 1, 856, 3, 27, 9, 2, 61], [5, 8, 8, 14, 2, 832, 14, 4, 4, 1], [9, 6, 5, 1, 3, 11, 921, 0, 2, 0], [3, 17, 38, 5, 4, 2, 0, 957, 1, 1], [13, 21, 31, 28, 10, 48, 22, 17, 767, 17], [11, 10, 12, 12, 71, 15, 0, 92, 4, 782]]"
71,90.82,0.3009542292370773,0.9107195248805684,0.9070817407651726,0.9060638091051931,365236938,97.95918367346938,99.20704845814979,96.31782945736434,93.46534653465348,85.84521384928718,93.60986547085201,95.72025052192068,93.09338521400778,75.15400410677618,76.70961347869178,"[[960, 1, 3, 0, 0, 7, 7, 1, 1, 0], [0, 1126, 5, 1, 0, 1, 2, 0, 0, 0], [3, 4, 994, 4, 3, 2, 9, 10, 2, 1], [0, 4, 19, 944, 0, 20, 0, 17, 3, 3], [2, 14, 16, 3, 843, 4, 24, 10, 1, 65], [5, 7, 7, 18, 2, 835, 12, 4, 1, 1], [10, 7, 6, 1, 3, 12, 917, 0, 2, 0], [3, 18, 37, 6, 4, 2, 0, 957, 0, 1], [13, 26, 32, 49, 10, 56, 21, 18, 732, 17], [10, 13, 12, 14, 57, 15, 0, 112, 2, 774]]"
72,90.55,0.3090132479064952,0.9086386379244494,0.9042695228457355,0.9026310631165246,371310723,98.06122448979592,99.29515418502203,96.31782945736434,94.65346534653465,85.94704684317719,94.28251121076234,94.98956158663883,92.89883268482491,70.12320328542094,77.70069375619426,"[[961, 1, 3, 0, 0, 8, 5, 1, 1, 0], [0, 1127, 4, 1, 0, 1, 2, 0, 0, 0], [3, 4, 994, 5, 4, 2, 8, 10, 1, 1], [0, 3, 14, 956, 0, 22, 0, 12, 1, 2], [3, 14, 15, 5, 844, 5, 22, 10, 1, 63], [4, 6, 5, 20, 1, 841, 9, 4, 1, 1], [10, 7, 6, 1, 4, 18, 910, 0, 2, 0], [3, 18, 37, 8, 4, 2, 0, 955, 0, 1], [15, 30, 30, 70, 11, 80, 20, 18, 683, 17], [10, 15, 12, 16, 55, 17, 0, 99, 1, 784]]"
73,90.64,0.3069055731208941,0.9094135509991345,0.9052076645608622,0.9032250741616317,376169751,98.26530612244898,99.20704845814979,96.22093023255815,94.85148514851485,87.37270875763747,94.61883408071749,94.98956158663883,92.89883268482491,68.6858316221766,78.09712586719525,"[[963, 1, 3, 0, 0, 7, 5, 1, 0, 0], [0, 1126, 4, 2, 0, 1, 2, 0, 0, 0], [5, 4, 993, 5, 3, 2, 9, 9, 1, 1], [0, 3, 14, 958, 0, 21, 0, 12, 0, 2], [3, 12, 11, 5, 858, 5, 25, 7, 1, 55], [5, 5, 5, 18, 1, 844, 8, 4, 1, 1], [12, 6, 5, 1, 4, 18, 910, 0, 2, 0], [3, 18, 37, 8, 4, 2, 0, 955, 0, 1], [16, 26, 31, 75, 11, 89, 20, 15, 669, 22], [11, 15, 11, 17, 68, 18, 0, 81, 0, 788]]"
74,90.88,0.29675335047867735,0.9111610476598754,0.9076167798545416,0.905667154625197,381028779,98.36734693877551,99.03083700440529,96.41472868217055,95.04950495049505,87.27087576374745,93.94618834080718,96.03340292275574,91.43968871595331,68.99383983572895,81.07036669970267,"[[964, 1, 2, 0, 0, 7, 5, 1, 0, 0], [0, 1124, 5, 2, 0, 1, 3, 0, 0, 0], [6, 2, 995, 5, 2, 1, 12, 6, 1, 2], [0, 3, 14, 960, 0, 20, 0, 11, 0, 2], [3, 7, 11, 5, 857, 7, 30, 6, 1, 55], [7, 5, 4, 18, 1, 838, 13, 4, 1, 1], [12, 4, 5, 1, 3, 12, 920, 0, 1, 0], [4, 18, 44, 9, 4, 2, 0, 940, 0, 7], [22, 17, 34, 74, 12, 79, 31, 9, 672, 24], [13, 12, 8, 18, 71, 17, 2, 50, 0, 818]]"
75,91.12,0.2894821683415018,0.9130925378553503,0.9100768575420861,0.9084407730488346,387102564,98.46938775510205,99.03083700440529,96.02713178294574,94.95049504950495,86.65987780040734,93.60986547085201,96.65970772442589,90.07782101167315,70.94455852156058,83.64717542120911,"[[965, 1, 2, 0, 0, 6, 5, 1, 0, 0], [0, 1124, 4, 2, 0, 1, 4, 0, 0, 0], [9, 2, 991, 5, 2, 1, 13, 5, 1, 3], [0, 3, 14, 959, 0, 19, 0, 11, 1, 3], [3, 4, 10, 5, 851, 4, 39, 4, 1, 61], [8, 5, 2, 17, 1, 835, 18, 4, 1, 1], [10, 3, 5, 1, 3, 9, 926, 0, 1, 0], [5, 18, 47, 11, 5, 3, 0, 926, 1, 12], [24, 14, 31, 65, 10, 67, 39, 8, 691, 25], [15, 12, 6, 15, 65, 16, 3, 32, 1, 844]]"
76,91.11,0.2899094059968147,0.9133252308812791,0.9099360018388942,0.9083655251492975,391151754,98.57142857142858,98.85462555066078,95.93023255813954,95.34653465346534,85.13238289205702,93.04932735426009,97.18162839248434,89.49416342412452,70.94455852156058,85.43111992071358,"[[966, 0, 2, 0, 0, 6, 5, 1, 0, 0], [0, 1122, 4, 2, 0, 1, 5, 0, 1, 0], [10, 2, 990, 5, 2, 1, 13, 5, 1, 3], [1, 2, 14, 963, 0, 15, 0, 11, 1, 3], [4, 4, 8, 5, 836, 4, 46, 4, 1, 70], [10, 3, 2, 19, 1, 830, 21, 3, 1, 2], [11, 3, 4, 1, 2, 5, 931, 0, 1, 0], [5, 17, 50, 11, 5, 3, 0, 920, 1, 16], [26, 11, 30, 67, 9, 60, 47, 8, 691, 25], [16, 11, 6, 16, 55, 16, 3, 24, 0, 862]]"
77,90.84,0.29824110832267675,0.9112397466068201,0.9072672060357055,0.9054062340688933,395200944,98.26530612244898,98.76651982378854,95.93023255813954,95.34653465346534,84.21588594704684,93.60986547085201,97.4947807933194,89.00778210116731,69.19917864476386,85.43111992071358,"[[963, 0, 2, 0, 0, 6, 8, 1, 0, 0], [0, 1121, 4, 2, 0, 1, 6, 0, 1, 0], [10, 2, 990, 5, 2, 1, 13, 5, 1, 3], [1, 3, 14, 963, 0, 16, 0, 9, 1, 3], [5, 4, 8, 5, 827, 6, 53, 3, 1, 70], [8, 3, 2, 18, 0, 835, 21, 3, 1, 1], [11, 3, 2, 1, 2, 5, 934, 0, 0, 0], [5, 17, 53, 11, 5, 3, 0, 915, 1, 18], [28, 11, 32, 77, 9, 64, 50, 5, 674, 24], [16, 12, 6, 17, 54, 17, 3, 22, 0, 862]]"
78,91.14,0.2874338753854695,0.9137644474918138,0.9103350543612792,0.909084124798248,400059972,98.16326530612245,98.85462555066078,95.83333333333334,95.84158415841584,82.79022403258655,93.27354260089686,97.4947807933194,87.93774319066148,73.92197125256673,86.22398414271557,"[[962, 0, 2, 0, 0, 7, 8, 1, 0, 0], [0, 1122, 4, 2, 0, 1, 4, 0, 2, 0], [10, 2, 989, 5, 2, 1, 13, 5, 2, 3], [0, 3, 13, 968, 0, 13, 0, 9, 2, 2], [5, 7, 9, 7, 813, 7, 54, 3, 2, 75], [7, 3, 2, 23, 0, 832, 21, 1, 1, 2], [9, 3, 2, 1, 2, 6, 934, 0, 1, 0], [5, 22, 52, 13, 4, 5, 0, 904, 1, 22], [25, 13, 21, 67, 8, 50, 44, 5, 720, 21], [15, 13, 6, 18, 50, 16, 3, 17, 1, 870]]"
79,91.75,0.2721492264883968,0.9187608077208032,0.9166719968593189,0.9155694357952985,404109162,98.26530612244898,98.94273127753304,95.63953488372093,96.03960396039604,83.91038696537679,94.73094170403587,96.97286012526096,88.42412451361868,77.72073921971253,86.02576808721506,"[[963, 0, 1, 0, 0, 7, 7, 1, 1, 0], [0, 1123, 3, 2, 0, 1, 4, 0, 2, 0], [10, 3, 987, 5, 2, 2, 13, 5, 2, 3], [1, 3, 6, 970, 0, 16, 0, 9, 4, 1], [4, 6, 8, 6, 824, 7, 47, 2, 6, 72], [7, 3, 0, 18, 0, 845, 16, 1, 1, 1], [10, 3, 2, 1, 2, 10, 929, 0, 1, 0], [5, 22, 44, 14, 4, 6, 0, 909, 1, 23], [24, 8, 12, 60, 6, 49, 36, 3, 757, 19], [15, 13, 5, 17, 51, 19, 3, 17, 1, 868]]"
80,92.26,0.263774229671818,0.9229982969343965,0.9219392274929696,0.9210358168134215,408968190,98.77551020408163,98.6784140969163,95.44573643410853,96.43564356435644,83.91038696537679,95.2914798206278,96.4509394572025,89.29961089494164,81.72484599589322,85.92666005946482,"[[968, 0, 1, 0, 0, 4, 5, 1, 1, 0], [0, 1120, 3, 2, 0, 1, 4, 0, 5, 0], [11, 3, 985, 6, 2, 1, 13, 5, 3, 3], [1, 3, 5, 974, 0, 14, 0, 8, 4, 1], [5, 6, 7, 7, 824, 6, 44, 3, 10, 70], [7, 2, 0, 19, 0, 850, 10, 1, 2, 1], [11, 4, 2, 1, 2, 12, 924, 0, 2, 0], [5, 20, 37, 16, 4, 6, 0, 918, 1, 21], [21, 8, 11, 51, 5, 38, 26, 4, 796, 14], [16, 11, 4, 16, 49, 19, 2, 20, 5, 867]]"
81,92.37,0.2591056986667287,0.9240003542197954,0.9229974775810487,0.9222219454125573,413827218,98.87755102040816,98.59030837004406,95.34883720930233,96.53465346534654,82.79022403258655,94.95515695067265,96.24217118997912,90.27237354085604,83.16221765913757,86.22398414271557,"[[969, 0, 1, 0, 0, 3, 4, 1, 2, 0], [0, 1119, 3, 2, 0, 1, 3, 0, 7, 0], [11, 3, 984, 7, 2, 0, 12, 6, 4, 3], [1, 3, 5, 975, 0, 12, 0, 9, 4, 1], [6, 6, 7, 8, 813, 5, 42, 4, 12, 79], [9, 2, 0, 18, 0, 847, 10, 3, 2, 1], [12, 4, 2, 1, 3, 12, 922, 0, 2, 0], [5, 18, 35, 14, 4, 5, 0, 928, 1, 18], [24, 7, 10, 49, 4, 33, 18, 4, 810, 15], [21, 11, 5, 16, 40, 18, 1, 23, 4, 870]]"
82,92.14,0.2614115325573344,0.9223589900448159,0.920495994966025,0.9199165036693284,419901003,98.9795918367347,98.50220264317181,96.12403100775194,96.33663366336633,80.04073319755601,93.72197309417041,95.92901878914405,90.85603112840467,83.88090349075975,86.1248761149653,"[[970, 0, 1, 0, 0, 2, 3, 1, 3, 0], [0, 1118, 4, 2, 0, 1, 3, 0, 7, 0], [11, 2, 992, 6, 0, 0, 9, 6, 2, 4], [2, 3, 6, 973, 0, 9, 0, 11, 5, 1], [13, 7, 10, 9, 786, 4, 36, 6, 11, 100], [13, 2, 2, 24, 0, 836, 8, 3, 3, 1], [15, 4, 4, 1, 3, 9, 919, 0, 3, 0], [5, 18, 36, 12, 2, 4, 0, 934, 1, 16], [29, 8, 12, 48, 4, 23, 15, 6, 817, 12], [23, 11, 5, 18, 32, 16, 1, 31, 3, 869]]"
83,92.24,0.25569114402031745,0.9232014128170581,0.9214433934032552,0.9209800575141811,425569869,98.9795918367347,98.41409691629957,96.22093023255815,96.43564356435644,80.04073319755601,93.27354260089686,95.72025052192068,91.82879377431907,84.70225872689939,85.82755203171457,"[[970, 0, 1, 0, 0, 2, 3, 1, 3, 0], [0, 1117, 4, 2, 0, 1, 2, 0, 9, 0], [11, 2, 993, 6, 0, 0, 8, 6, 2, 4], [2, 3, 6, 974, 0, 8, 0, 11, 5, 1], [10, 7, 12, 6, 786, 4, 30, 6, 12, 109], [14, 3, 3, 24, 0, 832, 8, 3, 4, 1], [16, 5, 4, 1, 3, 9, 917, 0, 3, 0], [5, 18, 33, 10, 2, 3, 0, 944, 1, 12], [27, 7, 12, 43, 4, 22, 12, 9, 825, 13], [22, 11, 5, 17, 32, 14, 1, 37, 4, 866]]"
84,92.15,0.2588752741559435,0.922640109856476,0.9203509006542667,0.9200668604570268,431643654,99.08163265306122,98.59030837004406,96.60852713178295,95.84158415841584,80.44806517311609,91.81614349775785,96.03340292275574,93.09338521400778,84.49691991786447,84.34093161546086,"[[971, 0, 1, 0, 0, 1, 3, 1, 3, 0], [0, 1119, 5, 2, 0, 1, 2, 0, 6, 0], [10, 2, 997, 5, 0, 0, 7, 7, 2, 2], [2, 3, 12, 968, 0, 5, 0, 13, 6, 1], [11, 7, 12, 5, 790, 3, 30, 9, 9, 106], [18, 5, 3, 25, 0, 819, 12, 4, 5, 1], [16, 5, 4, 0, 3, 7, 920, 0, 3, 0], [5, 15, 32, 8, 2, 2, 0, 957, 0, 7], [30, 9, 17, 36, 5, 15, 11, 12, 823, 16], [23, 10, 6, 15, 32, 13, 1, 55, 3, 851]]"
85,91.81,0.26622142908148494,0.919800203988669,0.9169509270601072,0.9166589733023208,436502682,99.08163265306122,98.50220264317181,96.51162790697676,95.34653465346534,81.26272912423626,91.59192825112108,96.13778705636743,94.16342412451361,83.77823408624229,80.57482656095144,"[[971, 1, 2, 0, 0, 0, 3, 1, 2, 0], [0, 1118, 6, 2, 0, 1, 2, 0, 6, 0], [10, 2, 996, 5, 0, 0, 7, 8, 2, 2], [3, 3, 15, 963, 0, 4, 0, 16, 5, 1], [11, 7, 13, 5, 798, 2, 28, 16, 9, 93], [20, 5, 3, 26, 0, 817, 12, 4, 4, 1], [16, 6, 4, 0, 3, 5, 921, 0, 3, 0], [5, 13, 29, 7, 2, 2, 0, 968, 0, 2], [31, 10, 20, 32, 6, 14, 14, 18, 816, 13], [22, 10, 6, 14, 36, 12, 1, 92, 3, 813]]"
86,91.64,0.26810452953790326,0.9187606744645482,0.9153405680313618,0.9150149431614473,440956791,99.08163265306122,98.6784140969163,96.60852713178295,94.45544554455445,83.29938900203666,92.152466367713,96.24217118997912,94.64980544747081,83.26488706365504,76.90782953419227,"[[971, 1, 2, 0, 0, 0, 3, 1, 2, 0], [0, 1120, 6, 2, 0, 1, 2, 0, 4, 0], [9, 2, 997, 4, 0, 0, 7, 10, 2, 1], [3, 3, 18, 954, 0, 5, 0, 20, 5, 2], [10, 7, 14, 3, 818, 2, 25, 18, 7, 78], [20, 5, 3, 21, 0, 822, 12, 5, 4, 0], [15, 6, 4, 0, 3, 5, 922, 0, 3, 0], [4, 13, 28, 6, 2, 2, 0, 973, 0, 0], [32, 11, 22, 28, 8, 14, 14, 20, 811, 14], [20, 10, 6, 13, 44, 10, 1, 126, 3, 776]]"
87,91.39,0.27258214344993564,0.9171179712958661,0.9128696367464508,0.9122570970781482,445815819,98.9795918367347,99.03083700440529,96.89922480620154,93.66336633663367,85.74338085539715,92.152466367713,96.5553235908142,95.23346303501945,82.95687885010267,71.65510406342915,"[[970, 1, 2, 0, 0, 0, 4, 1, 2, 0], [0, 1124, 5, 1, 0, 1, 2, 0, 2, 0], [6, 2, 1000, 4, 0, 0, 7, 10, 2, 1], [2, 3, 22, 946, 0, 7, 0, 22, 6, 2], [4, 6, 11, 2, 842, 1, 29, 20, 4, 63], [15, 5, 3, 19, 1, 822, 17, 6, 3, 1], [13, 6, 4, 0, 3, 4, 925, 0, 3, 0], [3, 12, 27, 3, 2, 2, 0, 979, 0, 0], [30, 13, 25, 23, 10, 14, 17, 21, 808, 13], [19, 10, 6, 12, 60, 10, 1, 165, 3, 723]]"
88,91.55,0.2658677366309273,0.9184471839512396,0.9146968303807741,0.913671944098089,449865009,98.77551020408163,99.11894273127754,96.31782945736434,93.06930693069307,89.61303462321793,93.72197309417041,96.86847599164928,95.03891050583657,81.21149897330595,70.9613478691774,"[[968, 1, 2, 0, 0, 1, 5, 1, 2, 0], [0, 1125, 4, 1, 0, 1, 2, 0, 2, 0], [6, 4, 994, 4, 2, 0, 8, 11, 2, 1], [0, 5, 20, 940, 0, 10, 0, 27, 5, 3], [3, 4, 7, 1, 880, 2, 26, 13, 1, 45], [9, 6, 3, 15, 1, 836, 15, 5, 2, 0], [9, 6, 3, 1, 3, 6, 928, 0, 2, 0], [3, 13, 27, 3, 3, 2, 0, 977, 0, 0], [28, 17, 20, 26, 12, 23, 20, 21, 791, 16], [15, 10, 6, 11, 87, 11, 1, 150, 2, 716]]"
89,91.84,0.26187121919311657,0.9202640999669587,0.9176844257676269,0.9164813357997286,454319118,98.16326530612245,99.47136563876651,96.02713178294574,93.46534653465348,90.83503054989816,95.62780269058297,96.13778705636743,94.74708171206225,79.67145790554414,73.53815659068384,"[[962, 1, 1, 0, 0, 4, 8, 1, 3, 0], [0, 1129, 2, 1, 0, 1, 2, 0, 0, 0], [5, 5, 991, 5, 3, 1, 7, 12, 2, 1], [0, 6, 13, 944, 0, 18, 0, 22, 4, 3], [3, 4, 5, 1, 892, 2, 25, 8, 1, 41], [5, 6, 0, 12, 1, 853, 8, 4, 2, 1], [8, 6, 3, 1, 8, 10, 921, 0, 1, 0], [3, 17, 24, 4, 3, 2, 0, 974, 0, 1], [20, 25, 17, 29, 14, 34, 19, 21, 776, 19], [12, 13, 5, 13, 107, 13, 1, 100, 3, 742]]"
90,92.2,0.2576544527261973,0.9234142779810641,0.9213276588113477,0.9201293227047911,459583065,97.6530612244898,99.47136563876651,95.93023255813954,93.96039603960395,91.75152749490834,96.63677130044843,96.24217118997912,94.26070038910505,77.72073921971253,77.70069375619426,"[[957, 1, 1, 0, 0, 8, 10, 1, 2, 0], [0, 1129, 2, 1, 0, 1, 2, 0, 0, 0], [5, 5, 990, 4, 3, 2, 8, 11, 2, 2], [0, 6, 5, 949, 0, 23, 0, 21, 3, 3], [0, 4, 4, 1, 901, 2, 25, 6, 1, 38], [3, 5, 0, 9, 1, 862, 6, 4, 1, 1], [6, 6, 2, 1, 8, 12, 922, 0, 1, 0], [2, 20, 20, 6, 3, 2, 0, 969, 0, 6], [16, 26, 10, 35, 17, 49, 21, 16, 757, 27], [9, 12, 5, 11, 111, 15, 1, 59, 2, 784]]"
91,92.6,0.2491126157605229,0.9269991716900664,0.9253287392303324,0.9244154109757206,464037174,97.44897959183673,99.38325991189427,95.73643410852713,95.14851485148515,90.52953156822811,96.97309417040358,96.24217118997912,92.89883268482491,77.61806981519507,83.34985133795837,"[[955, 0, 1, 0, 0, 10, 11, 1, 2, 0], [0, 1128, 2, 1, 0, 1, 3, 0, 0, 0], [5, 6, 988, 5, 3, 2, 8, 11, 2, 2], [0, 6, 4, 961, 0, 21, 0, 12, 3, 3], [0, 5, 3, 2, 889, 3, 25, 3, 1, 51], [3, 4, 0, 9, 0, 865, 5, 4, 1, 1], [6, 6, 2, 1, 8, 12, 922, 0, 1, 0], [2, 20, 20, 10, 4, 2, 0, 955, 0, 15], [9, 25, 8, 42, 17, 56, 20, 11, 756, 30], [6, 12, 4, 13, 86, 16, 1, 28, 2, 841]]"
92,92.42,0.25169125195747366,0.9257225467072242,0.9236028790175622,0.9227618916759045,468491283,96.53061224489797,99.38325991189427,94.86434108527132,94.75247524752474,90.020366598778,97.42152466367713,96.3465553235908,91.05058365758755,77.20739219712526,86.02576808721506,"[[946, 0, 1, 0, 0, 15, 14, 1, 3, 0], [0, 1128, 2, 1, 0, 1, 3, 0, 0, 0], [5, 9, 979, 6, 2, 3, 11, 9, 4, 4], [0, 5, 3, 957, 0, 28, 0, 11, 3, 3], [0, 5, 2, 1, 884, 3, 27, 1, 1, 58], [2, 4, 0, 8, 0, 869, 5, 2, 1, 1], [6, 6, 2, 1, 7, 12, 923, 0, 1, 0], [2, 28, 17, 11, 6, 4, 0, 936, 0, 24], [6, 25, 7, 44, 16, 65, 20, 6, 752, 33], [6, 11, 3, 12, 78, 16, 1, 12, 2, 868]]"
93,92.32,0.25118749287610237,0.9251797086748829,0.9226814242840777,0.9219180642219043,473755230,96.63265306122449,99.38325991189427,94.96124031007753,95.04950495049505,88.69653767820775,97.08520179372198,97.4947807933194,87.45136186770428,77.72073921971253,88.20614469772052,"[[947, 0, 0, 0, 0, 12, 16, 1, 3, 1], [0, 1128, 2, 1, 0, 1, 3, 0, 0, 0], [5, 5, 980, 6, 2, 2, 14, 9, 5, 4], [0, 5, 3, 960, 0, 25, 0, 7, 3, 7], [0, 5, 2, 1, 871, 2, 32, 1, 1, 67], [3, 3, 0, 7, 0, 866, 9, 2, 1, 1], [6, 4, 1, 1, 3, 8, 934, 0, 1, 0], [2, 30, 20, 13, 7, 4, 0, 899, 0, 53], [7, 21, 7, 41, 14, 56, 32, 3, 757, 36], [6, 11, 2, 12, 64, 15, 1, 6, 2, 890]]"
94,92.19,0.24976909295105323,0.9241577721968568,0.9214608700200955,0.9209829069682011,479019177,96.53061224489797,99.11894273127754,94.67054263565892,94.45544554455445,87.9837067209776,96.0762331838565,97.80793319415449,85.11673151750972,80.80082135523614,88.89990089197225,"[[946, 1, 0, 0, 0, 10, 18, 1, 3, 1], [0, 1125, 2, 1, 0, 1, 4, 0, 2, 0], [6, 4, 977, 4, 2, 2, 18, 7, 5, 7], [0, 5, 4, 954, 0, 27, 2, 7, 3, 8], [0, 5, 2, 1, 864, 1, 35, 1, 2, 71], [4, 3, 0, 6, 1, 857, 17, 2, 1, 1], [6, 4, 1, 1, 3, 5, 937, 0, 1, 0], [2, 28, 25, 14, 7, 4, 0, 875, 0, 73], [11, 14, 7, 32, 15, 37, 36, 2, 787, 33], [8, 10, 1, 10, 60, 13, 3, 5, 2, 897]]"
95,92.32,0.24596027112283264,0.9256947854846667,0.922813099176877,0.9225785557377477,483473286,96.3265306122449,98.94273127753304,95.05813953488372,93.86138613861385,87.27087576374745,95.2914798206278,98.22546972860125,83.85214007782102,84.29158110882958,89.69276511397423,"[[944, 1, 0, 0, 0, 9, 20, 1, 4, 1], [0, 1123, 2, 1, 0, 1, 5, 0, 3, 0], [4, 3, 981, 4, 2, 2, 19, 7, 5, 5], [0, 4, 7, 948, 0, 26, 3, 7, 7, 8], [0, 4, 2, 1, 857, 0, 43, 0, 2, 73], [4, 4, 0, 6, 2, 850, 20, 2, 2, 2], [5, 3, 1, 1, 2, 4, 941, 0, 1, 0], [3, 27, 29, 10, 7, 4, 0, 862, 1, 85], [9, 9, 7, 20, 13, 24, 39, 2, 821, 30], [7, 9, 1, 9, 57, 10, 5, 3, 3, 905]]"
96,92.34,0.244305781918926,0.9263882444720734,0.9230330276779177,0.9229787306770764,489547071,96.93877551020408,97.70925110132158,95.83333333333334,94.75247524752474,84.62321792260693,93.72197309417041,98.32985386221294,82.97665369649806,87.16632443531827,90.98116947472745,"[[950, 1, 1, 0, 0, 4, 18, 1, 5, 0], [0, 1109, 4, 2, 0, 1, 7, 0, 12, 0], [5, 0, 989, 5, 1, 1, 15, 5, 6, 5], [0, 3, 10, 957, 0, 13, 2, 7, 10, 8], [0, 3, 4, 1, 831, 0, 49, 0, 6, 88], [5, 4, 0, 8, 2, 836, 28, 2, 5, 2], [6, 2, 1, 1, 2, 3, 942, 0, 1, 0], [3, 23, 38, 9, 6, 2, 0, 853, 2, 92], [13, 3, 8, 17, 8, 10, 39, 2, 849, 25], [8, 8, 1, 9, 44, 9, 4, 3, 5, 918]]"
97,92.23,0.24352862146763374,0.927016287132737,0.9217611163198539,0.9218060972067847,494406099,97.44897959183673,97.44493392070484,96.80232558139535,95.84158415841584,79.22606924643586,93.04932735426009,98.22546972860125,82.78210116731518,87.67967145790554,93.26065411298316,"[[955, 1, 1, 0, 0, 4, 13, 1, 5, 0], [0, 1106, 5, 2, 0, 1, 7, 0, 14, 0], [5, 0, 999, 5, 0, 0, 10, 5, 3, 5], [0, 1, 11, 968, 0, 8, 1, 7, 8, 6], [1, 4, 4, 1, 778, 0, 47, 0, 9, 138], [6, 4, 0, 13, 1, 830, 24, 2, 8, 4], [6, 2, 2, 1, 2, 3, 941, 0, 1, 0], [3, 19, 46, 10, 4, 2, 0, 851, 2, 91], [14, 1, 12, 22, 6, 8, 30, 2, 854, 25], [9, 7, 2, 10, 25, 5, 2, 3, 5, 941]]"
98,92.25,0.24391313189991748,0.9273344009034643,0.921673741231602,0.9217765341165164,500074965,97.85714285714285,97.88546255506608,97.38372093023256,96.83168316831683,78.30957230142566,91.4798206278027,98.12108559498957,83.26848249027238,87.47433264887063,93.06243805748265,"[[959, 1, 2, 0, 0, 2, 11, 1, 4, 0], [0, 1111, 6, 2, 0, 0, 4, 0, 12, 0], [4, 0, 1005, 4, 0, 0, 8, 4, 3, 4], [0, 1, 11, 978, 0, 4, 0, 5, 6, 5], [1, 4, 5, 2, 769, 0, 45, 1, 9, 146], [6, 4, 0, 25, 1, 816, 25, 2, 9, 4], [6, 3, 2, 1, 2, 3, 940, 0, 1, 0], [3, 17, 51, 16, 4, 2, 0, 856, 2, 77], [14, 1, 14, 27, 6, 8, 25, 2, 852, 25], [9, 8, 3, 13, 23, 5, 2, 3, 4, 939]]"
99,92.27,0.2426990255261191,0.9273947817699838,0.9214599477266372,0.9216719125756484,504124155,98.06122448979592,98.59030837004406,97.38372093023256,97.42574257425743,77.29124236252545,90.47085201793722,97.59916492693111,86.96498054474708,84.90759753593429,92.76511397423192,"[[961, 1, 2, 1, 0, 2, 8, 1, 4, 0], [0, 1119, 7, 2, 0, 1, 2, 0, 4, 0], [3, 1, 1005, 6, 0, 0, 7, 4, 2, 4], [0, 1, 10, 984, 0, 3, 0, 6, 4, 2], [2, 5, 10, 6, 759, 0, 39, 2, 9, 150], [6, 4, 3, 40, 1, 807, 19, 2, 9, 1], [7, 4, 2, 1, 2, 4, 935, 0, 3, 0], [3, 17, 45, 17, 3, 2, 0, 894, 1, 46], [12, 8, 19, 51, 5, 6, 20, 3, 827, 23], [9, 10, 4, 17, 18, 5, 2, 5, 3, 936]]"
100,91.91,0.25093451442238623,0.9237874184008099,0.9175464992189646,0.9176913997588105,508578264,98.16326530612245,98.94273127753304,97.77131782945736,97.22772277227722,75.25458248472505,89.79820627802691,97.07724425887265,90.07782101167315,82.64887063655031,90.58473736372646,"[[962, 1, 3, 1, 0, 2, 7, 1, 3, 0], [0, 1123, 5, 2, 0, 1, 2, 0, 2, 0], [3, 1, 1009, 5, 0, 0, 5, 4, 2, 3], [0, 1, 10, 982, 0, 3, 0, 10, 3, 1], [3, 10, 15, 9, 739, 0, 34, 5, 9, 158], [7, 5, 3, 45, 0, 801, 18, 3, 9, 1], [8, 5, 4, 1, 2, 5, 930, 0, 3, 0], [3, 17, 39, 14, 2, 2, 0, 926, 1, 24], [12, 11, 26, 67, 4, 6, 17, 7, 805, 19], [10, 13, 5, 22, 15, 5, 2, 21, 2, 914]]"
